A_0,A_1,A_2,R_0,R_1,R_2,R_3,R_4,R_5,R_6,R_7,Class,Fitness,Accuracy,Numerosity,Avg Match Set Size,TimeStamp GA,Iteration Initialized,Specificity,Deletion Probability,Correct Count,Match Count
#,1.0,#,0.0,1.0,1.0,#,#,#,#,#,1.0,0.09865565628078754,0.6292517006802721,1,44.83422620138649,4991,9,0.36363636363636365,0.0007682777267206544,185,294
0.0,1.0,1.0,0.0,1.0,#,0.0,#,0.0,#,#,0.0,1.0,1.0,1,36.74841418156982,4970,12,0.6363636363636364,0.0006297195357222964,46,46
1.0,#,#,#,#,#,1.0,#,1.0,0.0,1.0,1.0,0.07775999999999998,0.6,1,57.05354483871358,4929,28,0.45454545454545453,0.0009776675420504139,93,155
0.0,1.0,#,#,1.0,#,1.0,0.0,#,#,#,1.0,0.28196298320147434,0.7763157894736842,1,55.79002607437165,4998,61,0.45454545454545453,0.0009560159288480991,118,152
0.0,1.0,#,#,1.0,#,1.0,#,#,#,0.0,1.0,0.22758041953086858,0.74375,3,55.546819599471306,4978,72,0.45454545454545453,0.0028555450536887628,119,160
1.0,0.0,1.0,#,1.0,#,#,#,1.0,#,#,1.0,1.0,1.0,2,74.02656158521177,4922,108,0.45454545454545453,0.002537033122693851,157,157
#,#,1.0,1.0,#,0.0,#,#,0.0,#,#,0.0,0.15794833080073764,0.691358024691358,1,40.76019485451815,4973,125,0.36363636363636365,0.0006984652685396788,224,324
0.0,0.0,0.0,0.0,#,#,0.0,1.0,#,#,#,0.0,1.0,1.0,3,59.884891039153366,4980,164,0.5454545454545454,0.0030785561735234344,75,75
#,#,#,1.0,#,#,1.0,#,#,0.0,1.0,1.0,0.07729325465067213,0.5992779783393501,1,51.75731132392874,4939,168,0.36363636363636365,0.0008869114704134553,166,277
0.0,#,#,0.0,#,#,#,1.0,#,#,1.0,0.0,0.07012126735412433,0.5877192982456141,1,52.77507069455893,4980,198,0.36363636363636365,0.0009043517592701016,201,342
#,#,0.0,0.0,#,0.0,#,#,0.0,1.0,1.0,0.0,0.12669967319610118,0.6615384615384615,1,53.136812461514026,4980,225,0.5454545454545454,0.0009105505534932432,43,65
#,1.0,#,#,0.0,0.0,#,#,#,#,#,0.0,0.11241698516773396,0.6459016393442623,1,48.62203889840352,4989,255,0.2727272727272727,0.0008331855521626797,394,610
0.0,#,#,#,0.0,0.0,#,#,#,#,#,0.0,0.2749870504782937,0.7724358974358975,3,58.694521071158476,4989,255,0.2727272727272727,0.003017361759537583,482,624
#,#,#,#,0.0,0.0,#,#,0.0,#,#,0.0,0.2094421021981733,0.7314974182444062,2,54.531863133015044,4980,299,0.2727272727272727,0.0018689121856809942,425,581
1.0,0.0,#,#,#,#,0.0,#,1.0,#,#,1.0,0.21208362139917689,0.7333333333333333,1,57.416612094051466,4957,301,0.36363636363636365,0.0009838890497959646,198,270
#,1.0,0.0,#,#,#,#,1.0,#,1.0,#,1.0,0.3095421553674689,0.7909407665505227,2,58.577680575239434,4977,334,0.36363636363636365,0.002007570157083333,227,287
1.0,#,#,#,#,0.0,1.0,#,#,0.0,#,0.0,0.11498804970389521,0.6488294314381271,1,55.189885367643356,4953,347,0.36363636363636365,0.0009457319387596634,194,299
#,0.0,#,#,1.0,1.0,0.0,#,#,#,#,1.0,0.09010154605623599,0.6179401993355482,1,58.56260751470434,4997,349,0.36363636363636365,0.0010035267871053293,186,301
0.0,0.0,0.0,0.0,#,#,#,1.0,#,0.0,1.0,0.0,1.0,1.0,1,61.94368281346736,4976,390,0.6363636363636364,0.001061464774765406,31,31
#,#,#,#,#,1.0,#,1.0,#,1.0,#,1.0,0.17089939766307202,0.7023411371237458,1,58.82589556834151,4999,391,0.2727272727272727,0.001008038481952308,420,598
0.0,0.0,0.0,0.0,#,#,#,1.0,#,0.0,#,0.0,1.0,1.0,3,57.262418901138616,4976,414,0.5454545454545454,0.0029437404019609544,66,66
#,0.0,0.0,1.0,#,#,0.0,#,1.0,#,#,1.0,0.22758041953086858,0.74375,1,53.893505703940406,4997,436,0.45454545454545453,0.000923517222339158,119,160
#,1.0,0.0,1.0,#,1.0,0.0,1.0,0.0,#,0.0,1.0,0.512908935546875,0.875,1,60.701120393215994,4595,437,0.7272727272727273,0.0010401722687399598,14,16
1.0,#,#,#,#,#,#,1.0,1.0,#,#,1.0,0.2824008954348634,0.7765567765567766,3,56.04394364884218,4999,455,0.2727272727272727,0.0028811011544788113,424,546
1.0,#,#,0.0,#,0.0,#,#,0.0,#,#,0.0,0.13916759404183188,0.674074074074074,1,47.305469948644685,4953,456,0.36363636363636365,0.0008106248728448679,182,270
#,1.0,0.0,#,#,#,#,1.0,1.0,1.0,#,1.0,0.2656597957637442,0.7671232876712328,1,58.590088374853,4977,483,0.45454545454545453,0.0010039976981603906,112,146
1.0,0.0,#,1.0,#,1.0,#,0.0,#,#,#,0.0,0.18888103629223998,0.7165354330708661,1,50.30080836938511,4948,487,0.45454545454545453,0.0008619528869006636,91,127
#,#,#,#,#,0.0,#,#,#,0.0,#,0.0,0.10258650110054782,0.6341880341880342,1,53.63717505185251,4973,490,0.18181818181818182,0.0009191247492809564,742,1170
0.0,0.0,0.0,0.0,#,#,#,1.0,#,#,#,0.0,1.0,1.0,5,57.090434772665176,4980,494,0.45454545454545453,0.004891498433319743,142,142
#,1.0,0.0,#,#,#,0.0,1.0,0.0,1.0,#,1.0,0.37661050772165766,0.8225806451612904,1,67.51326501861539,4870,511,0.5454545454545454,0.0011569049399672,51,62
1.0,0.0,#,1.0,#,#,1.0,1.0,1.0,#,#,1.0,1.0,1.0,1,70.03794229156267,4777,514,0.5454545454545454,0.0012001677211123615,73,73
1.0,1.0,0.0,#,#,0.0,0.0,#,#,1.0,#,1.0,1.0,1.0,4,56.357176914252605,4879,519,0.5454545454545454,0.0038629384229440992,57,57
0.0,#,1.0,#,1.0,#,#,1.0,#,0.0,0.0,1.0,0.30286759735107416,0.7875,1,56.47736829505813,4978,562,0.5454545454545454,0.0009677942010193672,63,80
#,1.0,#,#,#,0.0,1.0,0.0,1.0,0.0,0.0,0.0,0.170639829974585,0.7021276595744681,1,67.41026035041332,4955,572,0.6363636363636364,0.0011551398555878594,33,47
#,0.0,0.0,0.0,1.0,#,#,#,1.0,1.0,#,0.0,0.25126003423796484,0.7586206896551724,1,48.18124662296954,4625,621,0.5454545454545454,0.0008256321512005377,44,58
#,1.0,0.0,#,#,1.0,#,1.0,#,#,#,1.0,0.2803735679567396,0.775438596491228,2,48.85273423902142,4991,633,0.36363636363636365,0.0016742774788464164,221,285
#,0.0,0.0,0.0,#,#,#,#,#,#,#,0.0,0.2769087085787525,0.7735124760076776,1,56.20053055531559,4980,640,0.2727272727272727,0.0009630503192268159,403,521
#,0.0,0.0,0.0,#,#,#,0.0,#,#,#,0.0,1.0,1.0,7,52.50922457863468,4934,642,0.36363636363636365,0.006298573606902831,265,265
#,1.0,1.0,#,#,1.0,0.0,1.0,0.0,1.0,0.0,0.0,1.0,1.0,1,62.923416063999994,4743,680,0.7272727272727273,0.001078253449362595,14,14
#,#,#,0.0,#,0.0,1.0,#,1.0,0.0,0.0,0.0,0.12291132098880675,0.6575342465753424,1,60.07506369880392,4832,687,0.5454545454545454,0.001029444183196102,48,73
#,#,#,1.0,#,1.0,#,#,#,#,#,1.0,0.09476154140739657,0.6242038216560509,1,49.1548118129929,4997,688,0.18181818181818182,0.0008423151301293093,686,1099
0.0,#,1.0,#,1.0,#,1.0,0.0,#,#,#,1.0,1.0,1.0,3,60.62987944309292,4998,710,0.45454545454545453,0.0031168544589565994,146,146
1.0,#,#,#,#,#,#,#,1.0,1.0,#,1.0,0.23155709616081704,0.7463312368972747,1,46.86082128446789,4999,751,0.2727272727272727,0.0008030053889405698,356,477
#,0.0,0.0,1.0,#,#,0.0,#,#,#,#,1.0,0.2358699596193902,0.7490909090909091,1,51.993480331964506,4997,759,0.36363636363636365,0.0008909584542467567,206,275
0.0,#,#,#,1.0,#,1.0,0.0,#,#,0.0,1.0,0.19649623617673456,0.7222222222222222,1,51.42538450280195,4964,763,0.45454545454545453,0.0008812235840556659,104,144
#,#,#,#,0.0,0.0,#,0.0,#,#,#,0.0,0.20520803141985766,0.728515625,1,48.75526022116469,4993,766,0.2727272727272727,0.0008354684280740856,373,512
1.0,0.0,#,1.0,#,#,#,0.0,0.0,1.0,#,0.0,1.0,1.0,3,48.11592112049461,4948,775,0.5454545454545454,0.0024735382070482175,63,63
#,1.0,#,1.0,#,1.0,#,1.0,1.0,#,#,1.0,0.126916476145353,0.6617647058823529,1,46.75780017472372,4963,810,0.45454545454545453,0.0008012400228195406,90,136
#,0.0,#,#,#,1.0,#,1.0,1.0,#,#,1.0,0.20017583870157338,0.724907063197026,1,60.91076507035017,4999,813,0.36363636363636365,0.0010437647325698084,195,269
1.0,#,#,0.0,1.0,#,1.0,#,0.0,#,#,0.0,0.16529662857527172,0.6976744186046512,1,51.64085220012577,4812,814,0.45454545454545453,0.0008849158309551243,90,129
0.0,#,1.0,0.0,#,#,0.0,#,0.0,#,#,0.0,0.2285166075749525,0.7443609022556391,1,54.03964576951977,4970,819,0.45454545454545453,0.0009260214733741107,99,133
#,1.0,1.0,0.0,1.0,#,0.0,#,0.0,#,#,0.0,0.2731986815017553,0.7714285714285715,1,36.66256007321866,4970,819,0.5454545454545454,0.0006282483427346583,54,70
1.0,1.0,0.0,#,#,#,#,#,#,1.0,#,1.0,1.0,1.0,10,63.2881674710323,4977,827,0.36363636363636365,0.010845038166724759,235,235
#,0.0,0.0,0.0,#,#,#,#,1.0,0.0,#,0.0,0.33107914101344205,0.8016528925619835,1,58.14377896733161,4976,835,0.45454545454545453,0.0009963497558164237,97,121
#,0.0,#,0.0,0.0,#,#,0.0,#,#,#,0.0,0.5654729083476877,0.8922413793103449,1,55.70242537216189,4921,879,0.36363636363636365,0.0009545148062893971,207,232
1.0,1.0,#,#,0.0,#,#,#,1.0,1.0,#,1.0,0.22765945697524415,0.743801652892562,1,44.22207453463289,4981,897,0.45454545454545453,0.0007577879172427521,90,121
#,0.0,1.0,#,1.0,#,#,#,1.0,0.0,#,1.0,1.0,1.0,3,75.61815289647123,4922,906,0.45454545454545453,0.0038873700425983387,140,140
0.0,1.0,#,0.0,#,#,0.0,#,#,0.0,#,0.0,0.2935778904262872,0.782608695652174,1,46.857871164854885,4867,930,0.45454545454545453,0.0008029548357944165,108,138
1.0,0.0,1.0,0.0,#,#,#,#,0.0,#,#,0.0,1.0,1.0,1,57.06957934301374,4986,954,0.45454545454545453,0.0009779423087533671,129,129
0.0,#,#,#,0.0,#,#,#,#,0.0,1.0,0.0,0.12798839975108847,0.6628787878787878,1,52.94233899625199,4933,964,0.36363636363636365,0.0009072180630175988,175,264
1.0,#,#,0.0,#,#,#,#,1.0,1.0,#,1.0,0.21890521673318092,0.7379912663755459,1,55.31050183167953,4999,998,0.36363636363636365,0.0009477988182543279,169,229
#,0.0,1.0,#,1.0,#,0.0,#,1.0,0.0,#,1.0,1.0,1.0,1,74.19615805528005,4922,1001,0.5454545454545454,0.001271422760505993,60,60
1.0,0.0,#,#,#,#,#,1.0,1.0,#,#,1.0,1.0,1.0,12,59.09311211936514,4999,1011,0.36363636363636365,0.012151409944711556,250,250
0.0,#,#,#,#,1.0,1.0,#,1.0,#,#,1.0,0.2343894319142217,0.7481481481481481,1,50.42866440089587,4991,1012,0.36363636363636365,0.0008641438233694985,202,270
#,#,#,#,0.0,0.0,#,0.0,#,1.0,#,0.0,0.12171569466590881,0.65625,1,46.15565204263194,4993,1018,0.36363636363636365,0.0007909216335605273,147,224
0.0,#,#,0.0,0.0,0.0,#,#,#,#,#,0.0,0.5333222473529651,0.8818565400843882,1,61.73441502044087,4989,1039,0.36363636363636365,0.0010578787692083998,209,237
1.0,#,0.0,#,1.0,1.0,#,0.0,#,0.0,#,0.0,1.0,1.0,3,60.4116727833787,4934,1043,0.5454545454545454,0.0031056369139680325,71,71
#,0.0,0.0,1.0,#,#,#,#,1.0,#,#,1.0,0.18320616787404911,0.7121771217712177,1,54.92194034951147,4997,1045,0.36363636363636365,0.0009411404423325404,193,271
1.0,0.0,1.0,#,#,#,#,1.0,1.0,#,#,1.0,1.0,1.0,3,58.36929928806845,4957,1075,0.45454545454545453,0.003000642792353665,129,129
0.0,#,#,#,#,1.0,#,#,#,#,#,1.0,0.10098472854466826,0.6321951219512195,1,51.80824674238712,4997,1086,0.18181818181818182,0.0008877842979565691,648,1025
1.0,#,1.0,#,#,#,#,#,0.0,#,#,0.0,0.29513947142462016,0.7834394904458599,3,50.962121614079855,4986,1106,0.2727272727272727,0.002619855382358489,369,471
#,0.0,1.0,#,#,#,#,#,0.0,#,#,0.0,0.2785928708087304,0.7744510978043913,2,53.15302219461642,4986,1108,0.2727272727272727,0.0018216566458216037,388,501
#,0.0,1.0,#,1.0,0.0,#,#,1.0,#,#,1.0,1.0,1.0,1,63.40796663922784,4868,1144,0.45454545454545453,0.001086556691014298,126,126
1.0,0.0,1.0,#,#,#,#,#,0.0,#,#,0.0,1.0,1.0,8,53.977409742522234,4986,1183,0.36363636363636365,0.007399639991997335,233,233
#,0.0,1.0,#,1.0,#,#,#,1.0,#,#,1.0,1.0,1.0,11,71.57489588073197,4922,1195,0.36363636363636365,0.013491553942643338,240,240
0.0,#,#,0.0,0.0,0.0,0.0,0.0,#,#,#,0.0,1.0,1.0,1,67.40475907475131,4989,1201,0.5454545454545454,0.0011550455859211835,59,59
1.0,#,#,#,#,1.0,1.0,#,#,0.0,#,0.0,0.13168724279835387,0.6666666666666666,1,50.5746680836695,4988,1202,0.36363636363636365,0.0008666457373534784,154,231
0.0,#,#,#,#,#,1.0,#,#,#,0.0,1.0,0.07620795415739524,0.5975855130784709,1,49.47907297878309,4978,1208,0.2727272727272727,0.0008478716580862783,297,497
0.0,#,#,#,0.0,0.0,#,#,#,#,0.0,0.0,0.2581086210919234,0.7627118644067796,1,59.634736810043904,4989,1226,0.36363636363636365,0.001021898757083672,180,236
0.0,1.0,0.0,1.0,0.0,1.0,#,#,#,#,0.0,1.0,1.0,1.0,1,66.59582589557856,4595,1244,0.6363636363636364,0.0011411837353525538,37,37
#,0.0,0.0,1.0,#,#,#,1.0,#,#,#,1.0,1.0,1.0,9,60.055060809435524,4997,1289,0.36363636363636365,0.009261912729473014,233,233
0.0,1.0,#,#,#,0.0,#,#,1.0,#,#,0.0,0.2576693995123312,0.7624521072796935,1,53.148378789613716,4989,1294,0.36363636363636365,0.0009107487536856369,199,261
1.0,#,0.0,#,#,0.0,1.0,0.0,1.0,0.0,#,0.0,1.0,1.0,2,67.63701267494505,4872,1306,0.6363636363636364,0.002318050950926232,39,39
#,0.0,1.0,#,1.0,1.0,#,#,1.0,0.0,#,1.0,1.0,1.0,1,75.43021969332607,4922,1311,0.5454545454545454,0.0012925695974259047,62,62
0.0,#,#,#,0.0,#,0.0,#,#,#,#,0.0,0.2438058006830906,0.7540650406504065,1,61.714107776580775,4989,1321,0.2727272727272727,0.0010575307849903,371,492
#,1.0,0.0,0.0,#,#,0.0,0.0,#,0.0,#,0.0,0.32079621201964487,0.7966101694915254,1,50.67934544651354,4775,1343,0.5454545454545454,0.0008684394849695005,47,59
#,#,#,1.0,#,#,#,#,1.0,#,#,1.0,0.07414202743793398,0.5943097997892518,1,48.83936655060871,4997,1366,0.18181818181818182,0.0008369096711837096,564,949
#,1.0,1.0,#,#,#,1.0,#,1.0,#,1.0,1.0,1.0,1.0,5,46.851013539305285,4982,1371,0.45454545454545453,0.0040141866188183415,117,117
1.0,0.0,#,#,#,#,#,0.0,#,#,#,0.0,0.296368534706749,0.7840909090909091,2,52.131958797211034,4993,1383,0.2727272727272727,0.0017866628327345825,345,440
1.0,#,#,0.0,1.0,#,#,#,0.0,0.0,#,0.0,0.29152777351918274,0.7815126050420168,1,57.284890109376384,4986,1415,0.45454545454545453,0.0009816318664893822,93,119
0.0,#,1.0,#,1.0,1.0,1.0,1.0,#,#,#,1.0,1.0,1.0,1,61.88302348356102,4978,1418,0.5454545454545454,0.0010604253186169824,58,58
1.0,#,0.0,#,#,#,#,#,#,1.0,#,1.0,0.21982308963912844,0.7386091127098321,2,55.468546798159686,4999,1442,0.2727272727272727,0.001901014142506623,308,417
0.0,#,#,#,#,1.0,1.0,1.0,#,#,#,1.0,0.17703971667429347,0.7073170731707317,1,50.16431878072305,4991,1454,0.36363636363636365,0.0008596140060994805,174,246
1.0,1.0,#,#,#,1.0,#,#,#,1.0,#,1.0,0.22028052643903354,0.7389162561576355,1,51.359203257106664,4981,1503,0.36363636363636365,0.0008800895045520759,150,203
#,#,1.0,#,1.0,0.0,#,#,1.0,0.0,#,1.0,0.23399965993447927,0.7478991596638656,2,56.283872173249485,4903,1524,0.45454545454545453,0.0019289569165336802,89,119
#,0.0,0.0,0.0,1.0,#,#,#,#,#,0.0,0.0,0.24486155808474971,0.7547169811320755,1,50.827322161151315,4960,1538,0.45454545454545453,0.0008709752087582604,80,106
#,1.0,0.0,#,#,1.0,#,#,#,1.0,#,1.0,1.0,1.0,11,63.21007509031047,4979,1542,0.36363636363636365,0.011914821912148038,227,227
0.0,#,1.0,#,1.0,#,1.0,#,#,#,#,1.0,1.0,1.0,7,60.53399454031895,4998,1559,0.36363636363636365,0.0072611588419302245,221,221
1.0,#,0.0,#,0.0,#,0.0,1.0,#,#,#,1.0,0.22621766644850363,0.7428571428571429,1,52.67664654534392,4949,1583,0.45454545454545453,0.0009026651665033689,78,105
0.0,#,#,#,0.0,#,#,#,#,#,1.0,0.0,0.08643839042603126,0.6128318584070797,1,52.42664604653309,4980,1600,0.2727272727272727,0.0008983811667295649,277,452
0.0,#,0.0,1.0,#,1.0,0.0,1.0,#,1.0,#,1.0,1.0,1.0,1,65.60675930518505,4997,1635,0.6363636363636364,0.0011242351249710644,46,46
0.0,#,1.0,0.0,1.0,#,1.0,#,#,#,#,1.0,1.0,1.0,2,57.847996064631715,4998,1638,0.45454545454545453,0.0019825624607526385,108,108
#,0.0,0.0,#,#,#,#,1.0,#,#,#,1.0,0.21720617794361205,0.7368421052631579,2,58.99528600314646,4999,1651,0.2727272727272727,0.0020218823009966677,294,399
#,1.0,0.0,#,#,1.0,#,#,#,1.0,1.0,1.0,1.0,1.0,6,69.21397242289373,4979,1657,0.45454545454545453,0.007116289214161445,105,105
0.0,1.0,1.0,#,#,#,1.0,#,#,#,#,1.0,1.0,1.0,9,52.94345013033363,4998,1666,0.36363636363636365,0.008165133930350038,220,220
#,0.0,1.0,#,1.0,0.0,#,#,#,#,#,1.0,0.22159484565708465,0.7397959183673469,2,53.54703229090084,4868,1669,0.36363636363636365,0.001835160132185734,145,196
#,0.0,0.0,1.0,#,0.0,0.0,#,#,0.0,#,1.0,0.22059995870325735,0.7391304347826086,1,47.87138120333388,4941,1674,0.5454545454545454,0.0008203223082444512,34,46
1.0,#,0.0,#,#,#,#,1.0,#,1.0,#,1.0,1.0,1.0,4,63.12797529780934,4999,1681,0.36363636363636365,0.004327035076856416,182,182
#,1.0,0.0,#,#,0.0,1.0,#,#,0.0,#,0.0,1.0,1.0,3,57.16377969437873,4955,1702,0.45454545454545453,0.0029386695680051317,97,97
#,0.0,1.0,#,0.0,#,#,#,0.0,#,#,0.0,1.0,1.0,10,52.2791564115755,4968,1706,0.36363636363636365,0.008958537895211104,219,219
1.0,#,0.0,#,1.0,1.0,0.0,0.0,#,0.0,#,0.0,1.0,1.0,1,56.590381744018956,4934,1730,0.6363636363636364,0.0009697307955145299,37,37
0.0,#,#,#,0.0,0.0,0.0,0.0,#,#,#,0.0,0.5750330052268542,0.8952380952380953,1,60.463807692855355,4989,1736,0.45454545454545453,0.0010361056866351175,94,105
1.0,0.0,#,#,1.0,0.0,#,0.0,0.0,#,#,0.0,1.0,1.0,2,54.205981600977125,4876,1754,0.5454545454545454,0.0018577435966887481,49,49
1.0,1.0,#,#,#,#,#,0.0,#,0.0,0.0,0.0,1.0,1.0,5,48.547616653257236,4973,1764,0.45454545454545453,0.004159551275908584,104,104
0.0,1.0,#,#,#,0.0,#,#,#,#,#,0.0,0.23073935286407862,0.7458033573141487,1,51.45297781702253,4989,1769,0.2727272727272727,0.0008816964221197569,311,417
0.0,#,#,1.0,0.0,#,0.0,0.0,#,#,#,0.0,0.16123880795160989,0.6942148760330579,1,51.85032146183291,4933,1782,0.45454545454545453,0.0008885052888723714,84,121
#,#,0.0,0.0,#,#,#,#,#,0.0,#,0.0,0.24940961149833976,0.7575,2,49.4625723418988,4976,1796,0.2727272727272727,0.0016951778075034447,303,400
#,#,1.0,#,1.0,#,#,#,1.0,#,#,1.0,0.2073071593,0.73,1,55.156981907227376,4964,1806,0.2727272727272727,0.0009451681062167288,292,400
#,1.0,#,#,#,#,#,0.0,#,1.0,#,1.0,0.0829769731839134,0.6078431372549019,1,46.30482943321395,4982,1808,0.2727272727272727,0.0007934779320901297,248,408
0.0,0.0,1.0,#,1.0,1.0,1.0,1.0,#,#,#,1.0,1.0,1.0,1,63.2242583819629,4965,1822,0.6363636363636364,0.0010834086727650849,25,25
0.0,#,0.0,#,0.0,0.0,0.0,#,#,#,#,0.0,0.2550063900805163,0.7608695652173914,1,65.43895669061862,4980,1869,0.45454545454545453,0.001121359665256921,70,92
0.0,#,#,#,0.0,0.0,0.0,1.0,#,#,#,0.0,0.5874864965681292,0.8990825688073395,1,64.86732058358169,4980,1869,0.45454545454545453,0.0011115641289884217,98,109
#,1.0,0.0,#,#,0.0,1.0,#,1.0,0.0,#,0.0,1.0,1.0,2,56.538193369869965,4955,1880,0.5454545454545454,0.001937672994733349,53,53
0.0,#,#,#,#,1.0,1.0,#,#,#,#,1.0,0.21897047877840017,0.7380352644836272,1,51.72580649684145,4991,1894,0.2727272727272727,0.0008863716048021558,293,397
1.0,#,1.0,#,1.0,#,#,1.0,1.0,#,#,1.0,0.24124653953202002,0.7524752475247525,1,67.93607789160394,4929,1907,0.45454545454545453,0.001164150246520028,76,101
1.0,1.0,#,#,#,#,#,#,#,0.0,0.0,0.0,1.0,1.0,8,44.87481646507938,4988,1928,0.36363636363636365,0.0061517862404381765,203,203
1.0,0.0,1.0,#,1.0,0.0,1.0,0.0,0.0,0.0,#,0.0,1.0,1.0,1,71.92,4232,1933,0.8181818181818182,0.0012324185959529446,6,6
1.0,1.0,1.0,#,1.0,#,#,1.0,#,1.0,0.0,0.0,1.0,1.0,1,52.703242266957844,4620,1944,0.6363636363636364,0.0009031209098555627,23,23
#,#,0.0,#,1.0,#,#,0.0,#,#,#,0.0,0.12005582287752856,0.6544502617801047,1,42.41056217861025,4948,1946,0.2727272727272727,0.0007267459050853435,250,382
0.0,#,#,#,1.0,1.0,#,1.0,#,#,#,1.0,0.27196694914724506,0.7707317073170732,1,54.27009748056664,4997,1959,0.36363636363636365,0.0009299704858068601,158,205
#,0.0,#,#,0.0,#,#,#,0.0,#,#,0.0,0.26123430931742747,0.7645502645502645,2,55.207520794520335,4980,1960,0.2727272727272727,0.0018920682776314168,289,378
0.0,#,1.0,1.0,1.0,#,1.0,1.0,#,#,#,1.0,1.0,1.0,1,61.28645724313024,4978,1961,0.5454545454545454,0.0010502025804575744,48,48
#,0.0,0.0,1.0,#,1.0,#,1.0,#,#,#,1.0,1.0,1.0,2,62.371823065480214,4997,1965,0.45454545454545453,0.0021376027421964577,99,99
0.0,1.0,1.0,#,#,#,1.0,#,0.0,#,#,1.0,1.0,1.0,1,55.14579757477587,4998,1971,0.45454545454545453,0.0009449764518883562,102,102
0.0,#,1.0,#,#,#,1.0,0.0,#,#,#,1.0,0.30510442364799956,0.788659793814433,1,53.34681614760742,4998,1999,0.36363636363636365,0.0009141491692880175,153,194
0.0,#,0.0,1.0,#,1.0,1.0,#,#,#,#,1.0,1.0,1.0,6,65.05148387021833,4939,2000,0.45454545454545453,0.006688319667629876,89,89
#,#,0.0,#,#,1.0,#,#,#,#,0.0,1.0,0.09512745332338773,0.6246851385390428,1,52.48423372626408,4997,2000,0.2727272727272727,0.0008993679871883838,248,397
1.0,1.0,#,#,#,1.0,#,#,#,1.0,1.0,1.0,1.0,1.0,5,49.97788737859467,4981,2006,0.45454545454545453,0.004282096620677283,76,76
0.0,1.0,#,#,#,1.0,#,#,1.0,0.0,#,1.0,0.170639829974585,0.7021276595744681,1,43.61137591411129,4991,2037,0.45454545454545453,0.0007473230071140866,66,94
0.0,1.0,#,#,0.0,#,0.0,#,#,#,#,0.0,0.24124653953202002,0.7524752475247525,1,58.28746220827561,4989,2053,0.36363636363636365,0.0009988119067906474,152,202
0.0,1.0,1.0,0.0,1.0,#,1.0,#,#,#,#,1.0,1.0,1.0,1,59.24549321296799,4998,2057,0.5454545454545454,0.0010152286924647626,53,53
#,1.0,#,#,1.0,1.0,#,#,#,#,#,1.0,0.10943825398952711,0.6424418604651163,1,48.592325454635485,4991,2070,0.2727272727272727,0.00083267638363307,221,344
0.0,1.0,#,#,0.0,0.0,0.0,#,#,#,#,0.0,1.0,1.0,5,66.33441876470161,4989,2071,0.45454545454545453,0.005683521359659915,94,94
1.0,0.0,0.0,#,#,#,#,1.0,0.0,#,#,1.0,1.0,1.0,3,51.76517811028312,4972,2093,0.45454545454545453,0.0026611388261650122,75,75
1.0,1.0,0.0,#,#,#,1.0,#,#,0.0,#,0.0,1.0,1.0,3,51.37919335256262,4988,2097,0.45454545454545453,0.002641296162378758,86,86
1.0,#,1.0,0.0,#,#,#,#,#,#,0.0,0.0,0.2700348629345513,0.7696335078534031,2,55.05240814128564,4986,2101,0.36363636363636365,0.0018867522676671777,147,191
1.0,#,1.0,0.0,0.0,1.0,#,#,0.0,#,0.0,0.0,1.0,1.0,1,65.61312987006002,4820,2101,0.6363636363636364,0.0011243442907471857,22,22
#,#,0.0,0.0,#,0.0,0.0,#,#,0.0,1.0,0.0,0.7137615014846165,0.9347826086956522,1,66.95152692947877,4616,2149,0.5454545454545454,0.0011472790157860677,43,46
#,#,1.0,0.0,1.0,#,1.0,#,#,#,#,1.0,0.21720617794361205,0.7368421052631579,1,60.93341587094625,4998,2151,0.36363636363636365,0.0010441528758938885,126,171
1.0,0.0,#,1.0,#,#,#,0.0,#,#,#,0.0,0.2620503413395761,0.7650273224043715,1,44.86247615525624,4993,2152,0.36363636363636365,0.0007687618169387285,140,183
1.0,#,#,0.0,#,#,#,0.0,1.0,0.0,#,0.0,0.095367431640625,0.625,1,53.986234458167004,4934,2162,0.45454545454545453,0.0009251062190172506,55,88
1.0,0.0,0.0,#,#,1.0,#,1.0,#,#,#,1.0,1.0,1.0,4,57.93866135390799,4999,2172,0.45454545454545453,0.003971339470365763,77,77
0.0,1.0,0.0,#,#,1.0,#,#,#,1.0,1.0,1.0,1.0,1.0,4,69.90613483121544,4979,2174,0.5454545454545454,0.004791636292390644,53,53
1.0,#,0.0,#,#,0.0,1.0,0.0,#,0.0,#,0.0,1.0,1.0,3,65.25866895285863,4872,2193,0.5454545454545454,0.003354810782729702,49,49
#,#,0.0,#,#,#,1.0,#,1.0,0.0,#,0.0,0.13004936216562504,0.665,1,54.08476182349812,4955,2193,0.36363636363636365,0.0009267945804917266,133,200
1.0,#,0.0,#,#,#,#,0.0,1.0,0.0,#,0.0,1.0,1.0,5,60.3270364869752,4934,2223,0.45454545454545453,0.005168809900255843,108,108
1.0,1.0,#,#,1.0,1.0,#,#,#,#,0.0,0.0,0.18593443208187066,0.7142857142857143,1,53.74604248582959,4974,2245,0.45454545454545453,0.0009209902978088629,60,84
#,#,0.0,0.0,#,#,#,0.0,#,0.0,#,0.0,0.5694442518418531,0.893491124260355,1,55.89143935130677,4934,2285,0.36363636363636365,0.0009577537432025396,151,169
0.0,1.0,0.0,#,1.0,#,1.0,0.0,#,1.0,#,1.0,0.0016538171687920206,0.2777777777777778,1,49.97610072702976,4848,2288,0.6363636363636364,0.0008563887081369432,5,18
#,0.0,#,1.0,#,#,1.0,0.0,0.0,1.0,#,0.0,0.16806999999999994,0.7,1,43.24916268296939,4945,2291,0.5454545454545454,0.0007411161338971861,28,40
#,1.0,1.0,#,#,#,#,#,#,#,0.0,0.0,0.3017765768814465,0.7869318181818182,2,50.41810046718366,4989,2313,0.2727272727272727,0.001727925600344299,277,352
#,#,0.0,#,#,1.0,#,0.0,#,0.0,#,0.0,0.12979521618448403,0.6647398843930635,1,50.66168367684067,4934,2314,0.36363636363636365,0.0008681368335042295,115,173
0.0,1.0,0.0,1.0,0.0,1.0,#,0.0,#,0.0,0.0,1.0,1.0,1.0,1,51.9072,4483,2321,0.8181818181818182,0.0008894799575062388,8,8
0.0,1.0,#,#,0.0,#,0.0,#,#,1.0,#,0.0,0.18183912073024103,0.7111111111111111,1,54.09873523752837,4989,2363,0.45454545454545453,0.0009270340284241492,64,90
0.0,#,#,#,0.0,#,0.0,0.0,1.0,#,#,0.0,0.34548459997648856,0.8085106382978723,1,54.70788311646173,4989,2363,0.45454545454545453,0.0009374723650993822,76,94
0.0,0.0,1.0,#,1.0,#,#,#,#,#,#,1.0,1.0,1.0,13,56.39327228620381,4965,2371,0.36363636363636365,0.012562590751919081,147,147
#,1.0,1.0,#,1.0,#,0.0,1.0,#,1.0,0.0,0.0,1.0,1.0,1,40.702327885473395,4830,2386,0.6363636363636364,0.0006974736621889809,26,26
#,0.0,1.0,#,#,#,#,#,0.0,#,1.0,0.0,0.2701462129239381,0.7696969696969697,1,49.58847263321182,4953,2396,0.36363636363636365,0.000849746326725166,127,165
#,1.0,0.0,#,#,1.0,0.0,1.0,0.0,1.0,#,1.0,1.0,1.0,1,72.5087791907668,4870,2406,0.6363636363636364,0.0012425078955025988,20,20
0.0,#,0.0,#,#,1.0,0.0,1.0,#,#,0.0,1.0,0.4293934488306322,0.8444444444444444,1,59.706699869667375,4997,2406,0.5454545454545454,0.0010231319135478216,38,45
1.0,0.0,1.0,#,#,#,#,#,1.0,#,#,1.0,1.0,1.0,9,56.242338348381466,4957,2421,0.36363636363636365,0.008673900624913859,153,153
1.0,0.0,0.0,#,#,#,#,1.0,#,#,#,1.0,1.0,1.0,12,56.27540387387974,4999,2429,0.36363636363636365,0.011572000149432443,142,142
1.0,0.0,0.0,#,#,#,#,1.0,1.0,#,#,1.0,1.0,1.0,1,66.0582331420948,4999,2436,0.45454545454545453,0.0011319715647957836,76,76
1.0,#,1.0,#,#,#,#,#,0.0,1.0,#,0.0,0.21405831560130784,0.7346938775510204,1,43.77491607399514,4944,2445,0.36363636363636365,0.000750125425554381,108,147
1.0,#,1.0,#,#,1.0,#,#,0.0,#,0.0,0.0,1.0,1.0,4,62.96091898134695,4986,2449,0.45454545454545453,0.00431558439215232,76,76
0.0,1.0,1.0,#,1.0,#,1.0,#,#,#,#,1.0,1.0,1.0,3,60.20970516821431,4998,2464,0.45454545454545453,0.003095254184071945,75,75
0.0,#,#,0.0,0.0,#,0.0,#,#,#,#,0.0,0.4550549207973833,0.8543046357615894,1,61.21103552204369,4989,2466,0.36363636363636365,0.0010489101564919757,129,151
#,#,#,1.0,1.0,0.0,#,1.0,#,#,1.0,1.0,0.1398136820392284,0.6746987951807228,1,42.37801593410965,4861,2470,0.45454545454545453,0.0007261881937817982,56,83
#,0.0,1.0,#,#,1.0,#,0.0,0.0,#,0.0,0.0,0.14012604492187505,0.675,1,50.67669666023711,4945,2473,0.5454545454545454,0.0008683940954608274,27,40
1.0,#,1.0,#,0.0,#,#,#,0.0,#,#,0.0,0.230025959045606,0.7453416149068323,1,46.89992056811528,4953,2473,0.36363636363636365,0.0008036753928929542,120,161
1.0,1.0,0.0,#,#,0.0,#,#,#,1.0,#,1.0,1.0,1.0,1,50.590338217947554,4879,2474,0.45454545454545453,0.0008669142602245206,75,75
1.0,#,0.0,#,#,0.0,1.0,#,#,0.0,#,0.0,0.2373046875,0.75,2,60.943518770419885,4872,2476,0.45454545454545453,0.0020886519976494105,57,76
#,1.0,#,#,1.0,0.0,0.0,1.0,#,1.0,0.0,0.0,0.708245596707819,0.9333333333333333,1,42.6767665152,4264,2482,0.6363636363636364,0.00073130757325465,14,15
0.0,1.0,#,0.0,#,1.0,#,#,1.0,0.0,#,1.0,0.17525145137855438,0.7058823529411765,1,43.75723809079952,4991,2502,0.5454545454545454,0.0007498224962547533,24,34
1.0,#,1.0,#,#,#,#,#,0.0,#,0.0,0.0,1.0,1.0,10,54.19439648068597,4986,2513,0.36363636363636365,0.00928673276129647,151,151
#,0.0,#,#,#,0.0,0.0,0.0,#,#,#,0.0,0.14912279161129832,0.6834532374100719,1,46.204903512378436,4877,2524,0.36363636363636365,0.0007917656050176129,95,139
0.0,#,0.0,0.0,0.0,#,#,#,#,#,#,0.0,0.23193602552357678,0.7465753424657534,1,54.65836994632618,4980,2524,0.36363636363636365,0.0009366239091536143,109,146
#,#,1.0,#,#,#,0.0,#,1.0,0.0,1.0,1.0,0.06808738973366184,0.5842696629213483,1,34.873095189174556,4916,2530,0.45454545454545453,0.0005975841352833134,52,89
1.0,0.0,#,#,#,0.0,#,#,1.0,#,#,1.0,0.17703971667429347,0.7073170731707317,1,46.88822381193653,4957,2535,0.36363636363636365,0.0008034749576895751,116,164
#,#,#,1.0,1.0,0.0,#,1.0,#,#,#,1.0,0.08962412471226376,0.6172839506172839,1,48.60529831600705,4972,2537,0.36363636363636365,0.000832898686130248,100,162
0.0,0.0,0.0,1.0,#,1.0,#,#,#,#,#,1.0,1.0,1.0,4,56.358025895530055,4997,2559,0.45454545454545453,0.0038629966153976,81,81
1.0,0.0,#,0.0,#,#,#,#,0.0,#,#,0.0,0.24571891564199155,0.7552447552447552,2,54.92230063824953,4986,2563,0.36363636363636365,0.001882293232455423,108,143
#,#,1.0,#,#,1.0,#,#,0.0,#,0.0,0.0,0.26364723082896674,0.7659574468085106,1,53.27421649309558,4986,2569,0.36363636363636365,0.0009129051041562022,108,141
0.0,0.0,0.0,0.0,#,#,#,#,#,#,#,0.0,1.0,1.0,6,54.936792641558476,4980,2578,0.36363636363636365,0.005648369704126882,146,146
#,0.0,1.0,#,0.0,1.0,#,#,#,#,#,0.0,0.23482762478473768,0.7484276729559748,1,46.5064725181329,4945,2581,0.36363636363636365,0.0007969332809165956,119,159
1.0,0.0,#,#,#,#,#,0.0,0.0,#,#,0.0,1.0,1.0,3,56.64181396948815,4948,2596,0.36363636363636365,0.002911836408975437,135,135
1.0,1.0,1.0,#,1.0,#,1.0,1.0,#,#,0.0,0.0,1.0,1.0,1,54.31217347772416,4847,2650,0.6363636363636364,0.0009306914986174856,18,18
1.0,0.0,#,#,#,#,0.0,0.0,0.0,#,#,0.0,1.0,1.0,2,56.21944656732618,4948,2656,0.45454545454545453,0.0019267489266895364,59,59
#,#,0.0,1.0,#,#,#,#,1.0,#,#,1.0,0.06570825051780624,0.5801282051282052,1,52.22933743827815,4997,2670,0.2727272727272727,0.00897024763047259,181,312
#,0.0,1.0,#,1.0,#,#,#,#,#,#,1.0,0.22733534048886378,0.7435897435897436,2,58.19680730740599,4965,2688,0.2727272727272727,0.0019945168951817954,203,273
#,1.0,#,#,#,0.0,#,#,#,1.0,0.0,0.0,0.18981331995004277,0.7172413793103448,1,47.821411136685725,4989,2692,0.36363636363636365,0.0008194660229360781,104,145
0.0,#,#,#,0.0,#,0.0,#,1.0,#,#,0.0,0.3039835415994587,0.7880794701986755,1,53.37699862057896,4989,2707,0.36363636363636365,0.0009146663750855976,119,151
0.0,0.0,0.0,0.0,#,#,#,#,#,0.0,#,0.0,1.0,1.0,5,55.3533081058369,4976,2708,0.45454545454545453,0.004742661725329968,62,62
0.0,#,#,#,0.0,#,#,#,0.0,#,#,0.0,0.07572451097637584,0.5968253968253968,1,54.57951608496215,4980,2709,0.2727272727272727,0.0009352726721526726,188,315
#,1.0,#,#,#,0.0,#,#,#,#,0.0,0.0,0.3346814563736628,0.8033898305084746,1,49.98547953520294,4989,2721,0.2727272727272727,0.0008565494230646476,237,295
1.0,1.0,0.0,#,#,0.0,#,#,#,0.0,#,0.0,1.0,1.0,3,57.12306594326482,4915,2725,0.45454545454545453,0.00293657655977444,73,73
1.0,0.0,1.0,1.0,#,#,#,#,1.0,#,#,1.0,1.0,1.0,1,58.102965893632714,4884,2737,0.45454545454545453,0.0009956503844178624,68,68
#,1.0,0.0,0.0,#,0.0,#,1.0,#,#,#,0.0,0.25126003423796484,0.7586206896551724,1,54.90433779429541,4917,2739,0.45454545454545453,0.0009408388055641233,44,58
#,1.0,#,0.0,0.0,0.0,0.0,#,#,0.0,#,0.0,0.6137348111359834,0.9069767441860465,1,64.01104563093453,4840,2739,0.5454545454545454,0.001096891031451004,39,43
0.0,0.0,0.0,1.0,#,1.0,#,0.0,0.0,#,#,1.0,1.0,1.0,1,47.35736504752537,4939,2741,0.6363636363636364,0.0008115141454380182,19,19
#,0.0,#,#,0.0,#,#,#,#,#,0.0,0.0,0.1339267703753146,0.668918918918919,1,48.28433306881984,4993,2782,0.2727272727272727,0.0008273986369187887,198,296
#,0.0,1.0,#,0.0,#,#,#,#,#,#,0.0,0.2674703576791109,0.7681660899653979,1,51.02203624786536,4968,2789,0.2727272727272727,0.0008743118225146618,222,289
0.0,#,0.0,1.0,#,1.0,0.0,#,#,#,#,1.0,1.0,1.0,3,57.5918016682627,4997,2791,0.45454545454545453,0.0029606732765740033,84,84
0.0,#,#,1.0,#,1.0,#,#,#,#,#,1.0,0.2063142242842782,0.7292993630573248,1,54.68512876439473,4997,2800,0.2727272727272727,0.0009370824473209308,229,314
0.0,1.0,1.0,0.0,#,1.0,0.0,#,0.0,#,0.0,0.0,1.0,1.0,2,43.544,4730,2821,0.7272727272727273,0.0014923369116288938,7,7
0.0,0.0,#,0.0,0.0,#,#,#,#,#,1.0,0.0,1.0,1.0,3,57.26132198826136,4980,2850,0.45454545454545453,0.0029436840119792494,59,59
0.0,1.0,1.0,0.0,#,0.0,0.0,#,0.0,0.0,#,0.0,1.0,1.0,1,54.367936,4840,2907,0.7272727272727273,0.0009316470432422074,10,10
#,#,#,#,1.0,1.0,#,#,1.0,1.0,#,1.0,0.2373046875,0.75,1,60.21614430447834,4999,2923,0.36363636363636365,0.0010318617355036862,96,128
0.0,1.0,1.0,#,#,1.0,0.0,#,0.0,#,0.0,0.0,1.0,1.0,1,40.418612736,4730,2927,0.6363636363636364,0.0006926119293446458,13,13
0.0,#,0.0,1.0,#,1.0,#,#,#,#,#,1.0,1.0,1.0,8,57.754644195842275,4997,2930,0.36363636363636365,0.00791745244823157,142,142
0.0,0.0,#,0.0,0.0,#,#,#,#,#,#,0.0,1.0,1.0,5,57.86337602294933,4980,2940,0.36363636363636365,0.004957723904011436,128,128
0.0,0.0,0.0,0.0,1.0,#,#,#,1.0,#,#,0.0,1.0,1.0,1,48.41521725821436,4976,2951,0.5454545454545454,0.000829641463794846,27,27
0.0,#,1.0,#,1.0,#,#,#,#,#,#,1.0,0.19264348847384152,0.7193675889328063,1,56.614054433934044,4998,2953,0.2727272727272727,0.000970136449898117,182,253
1.0,0.0,1.0,#,#,#,0.0,#,0.0,1.0,0.0,0.0,1.0,1.0,1,66.561024,4924,2956,0.6363636363636364,0.0011405873712912996,11,11
#,1.0,#,#,#,1.0,1.0,#,1.0,1.0,#,1.0,0.5378028459362139,0.8833333333333333,1,59.61357997571005,4977,2958,0.45454545454545453,0.0010215362143130306,53,60
0.0,1.0,#,#,#,#,0.0,0.0,#,#,#,0.0,0.23162780493522572,0.7463768115942029,2,51.6640969620763,4989,2959,0.36363636363636365,0.0017706283047602578,103,138
#,1.0,0.0,#,#,#,#,#,#,1.0,#,1.0,0.2932667650934824,0.7824427480916031,1,52.66322690293039,4979,2966,0.2727272727272727,0.0009024352079819356,205,262
1.0,#,1.0,#,#,1.0,#,1.0,0.0,#,0.0,0.0,1.0,1.0,1,62.41939146891959,4986,2967,0.5454545454545454,0.0010696165015901431,33,33
#,0.0,1.0,#,#,#,0.0,#,0.0,0.0,1.0,0.0,0.28962137296388657,0.7804878048780488,1,50.70316069025929,4876,2995,0.5454545454545454,0.0008688475821505269,32,41
1.0,#,#,#,#,#,#,#,#,#,0.0,0.0,0.10205398773484152,0.6335282651072125,1,50.0526429904062,4993,3005,0.18181818181818182,0.0008577003336758955,325,513
0.0,1.0,0.0,#,#,0.0,#,#,#,0.0,#,0.0,1.0,1.0,2,57.98229040471818,4955,3013,0.45454545454545453,0.0019871649869499077,64,64
1.0,0.0,1.0,#,#,1.0,#,#,1.0,#,#,1.0,1.0,1.0,2,69.03083390527115,4922,3018,0.45454545454545453,0.002365819894299088,56,56
1.0,1.0,1.0,#,1.0,#,#,1.0,#,0.0,0.0,0.0,1.0,1.0,1,53.60174524416,4847,3032,0.6363636363636364,0.0009185176253397538,15,15
1.0,0.0,0.0,#,#,#,1.0,0.0,1.0,#,#,0.0,1.0,1.0,2,52.677022708354784,4993,3037,0.5454545454545454,0.001805343224839043,35,35
1.0,1.0,#,#,#,1.0,#,#,1.0,1.0,#,1.0,0.2373046875,0.75,1,52.114620334150466,4981,3038,0.45454545454545453,0.0008930343050727823,45,60
#,1.0,0.0,#,#,0.0,#,#,#,0.0,#,0.0,1.0,1.0,8,55.77834140932543,4955,3039,0.36363636363636365,0.007646525606703541,122,122
0.0,1.0,0.0,0.0,#,0.0,#,1.0,#,0.0,1.0,0.0,1.0,1.0,1,54.2384,4917,3039,0.7272727272727273,0.0009294273188922996,8,8
1.0,0.0,1.0,#,#,1.0,#,#,1.0,#,0.0,1.0,1.0,1.0,1,65.85894690568657,4922,3054,0.5454545454545454,0.001128556602842683,30,30
1.0,0.0,#,0.0,#,#,#,0.0,0.0,#,#,0.0,1.0,1.0,1,61.5290457519782,4876,3057,0.45454545454545453,0.0010543595686315,56,56
#,1.0,#,0.0,#,1.0,#,#,#,1.0,#,1.0,0.2994492622121735,0.7857142857142857,1,49.28385140237842,4979,3071,0.36363636363636365,0.0008445263480043489,99,126
1.0,0.0,0.0,#,1.0,1.0,0.0,0.0,#,0.0,#,0.0,1.0,1.0,2,58.812799999999996,4934,3080,0.7272727272727273,0.002015628153505599,9,9
0.0,0.0,#,#,0.0,0.0,#,#,#,#,0.0,0.0,0.27894700566812797,0.7746478873239436,1,54.954470634292704,4968,3086,0.45454545454545453,0.0009416978801508947,55,71
#,1.0,#,#,#,#,#,#,#,0.0,0.0,0.0,0.24727409368436207,0.756198347107438,2,48.22338729333309,4988,3121,0.2727272727272727,0.0016527085444979044,183,242
0.0,1.0,1.0,0.0,#,#,1.0,#,#,#,#,1.0,1.0,1.0,1,49.64006037163156,4998,3141,0.45454545454545453,0.0008506303324002445,54,54
0.0,#,1.0,#,0.0,1.0,0.0,#,1.0,#,0.0,0.0,1.0,1.0,1,30.010265088,4918,3170,0.6363636363636364,0.0005142548493315995,14,14
0.0,#,#,1.0,1.0,#,#,1.0,#,#,0.0,1.0,0.1894692059725282,0.7169811320754716,1,57.71037244312441,4997,3176,0.45454545454545453,0.0009889229168280993,38,53
0.0,#,1.0,#,1.0,0.0,1.0,#,#,#,#,1.0,1.0,1.0,2,58.17347584194072,4998,3189,0.45454545454545453,0.001993717280835015,51,51
1.0,0.0,#,1.0,0.0,#,1.0,0.0,0.0,#,#,0.0,1.0,1.0,1,56.3738811392,4799,3198,0.6363636363636364,0.0009660208487484852,14,14
#,1.0,1.0,#,1.0,#,1.0,#,#,1.0,1.0,1.0,1.0,1.0,1,55.28934546638969,4958,3206,0.5454545454545454,0.0009474362835212081,28,28
0.0,0.0,#,0.0,#,#,#,#,#,#,1.0,0.0,0.26150027784488145,0.7647058823529411,1,55.95305750454168,4980,3208,0.36363636363636365,0.0009588096297138715,78,102
0.0,1.0,0.0,0.0,#,1.0,0.0,1.0,0.0,#,#,1.0,1.0,1.0,1,51.892160000000004,4791,3222,0.7272727272727273,0.0008892222325940707,9,9
1.0,0.0,#,1.0,1.0,#,1.0,0.0,#,#,#,0.0,0.14265533057546828,0.6774193548387096,1,55.220989149198786,4882,3226,0.5454545454545454,0.0009462649320688037,21,31
#,1.0,#,#,#,0.0,1.0,#,#,#,0.0,0.0,0.1638260273545574,0.6964285714285714,1,45.591206604119314,4955,3246,0.36363636363636365,0.0007812493163355025,78,112
#,#,1.0,1.0,#,0.0,1.0,#,0.0,1.0,0.0,0.0,0.17525145137855438,0.7058823529411765,1,47.768711589888,4850,3263,0.6363636363636364,0.0008185629653516535,12,17
0.0,0.0,0.0,#,#,#,#,1.0,#,0.0,1.0,0.0,0.014458261438686257,0.42857142857142855,1,56.71991548992815,4976,3289,0.5454545454545454,0.04427201831742919,9,21
#,0.0,1.0,#,1.0,1.0,#,1.0,1.0,#,#,1.0,1.0,1.0,1,77.65396018475828,4922,3327,0.5454545454545454,0.0013306755364444615,20,20
0.0,1.0,0.0,#,0.0,0.0,#,1.0,#,#,#,0.0,1.0,1.0,1,63.9496796111305,4917,3331,0.5454545454545454,0.001095839465489295,25,25
#,#,1.0,#,0.0,0.0,0.0,#,0.0,#,#,0.0,0.44370531249999995,0.85,1,51.52119517871658,4968,3381,0.45454545454545453,0.0008828653924356439,51,60
#,0.0,1.0,#,#,0.0,#,#,1.0,#,#,1.0,0.21635505760422732,0.7362637362637363,1,44.7680407090413,4957,3382,0.36363636363636365,0.0007671435744466206,67,91
#,1.0,0.0,#,#,#,#,#,1.0,1.0,0.0,1.0,0.21405831560130784,0.7346938775510204,1,58.86325785492713,4977,3386,0.45454545454545453,0.0010086787207840022,36,49
1.0,#,0.0,#,#,1.0,#,#,#,1.0,#,1.0,0.3125122919485888,0.7924528301886793,1,62.61356100618211,4999,3386,0.36363636363636365,0.0010729437839662541,84,106
#,0.0,1.0,#,#,1.0,#,#,1.0,#,#,1.0,0.1877644812763284,0.7156862745098039,1,61.13204378515562,4922,3395,0.36363636363636365,0.0010475565568608932,73,102
#,1.0,0.0,#,1.0,0.0,#,#,#,#,#,0.0,0.2451617806554396,0.7549019607843137,1,41.13649359841746,4928,3399,0.36363636363636365,0.0007049135106088562,77,102
#,#,#,1.0,#,#,1.0,0.0,0.0,0.0,#,0.0,0.1590361251087416,0.6923076923076923,1,51.21990331397766,4799,3399,0.45454545454545453,0.0008777024656153772,27,39
#,#,1.0,#,#,0.0,#,#,1.0,#,1.0,1.0,0.16406215592207965,0.6966292134831461,1,46.68678061274924,4982,3411,0.36363636363636365,0.0008000230340979919,62,89
1.0,#,1.0,#,#,1.0,#,#,#,#,0.0,0.0,0.24158805496362062,0.7526881720430108,3,54.46961979437503,4986,3419,0.36363636363636365,0.002800168479522013,70,93
0.0,#,#,#,#,0.0,0.0,#,#,#,#,0.0,0.3158088059220047,0.7941176470588235,2,58.339085918901006,4989,3428,0.2727272727272727,0.0019993930577683586,162,204
#,1.0,#,1.0,#,#,#,#,#,#,0.0,0.0,0.11707060933908406,0.6511627906976745,1,45.889792893793455,4988,3430,0.2727272727272727,0.000786365880516412,140,215
1.0,1.0,1.0,#,1.0,#,#,1.0,#,#,0.0,0.0,1.0,1.0,1,52.39523645997056,4847,3441,0.5454545454545454,0.0008978429331565552,20,20
#,1.0,#,#,#,1.0,#,#,#,1.0,#,1.0,0.30138953171350424,0.7867298578199052,2,46.420044249759314,4981,3452,0.2727272727272727,0.001590904498285927,166,211
#,1.0,1.0,#,#,#,#,1.0,0.0,1.0,0.0,0.0,0.19649623617673456,0.7222222222222222,1,56.060623933112325,4944,3465,0.5454545454545454,0.0009606528842587923,13,18
1.0,#,1.0,0.0,1.0,#,0.0,1.0,#,#,0.0,0.0,0.18593443208187066,0.7142857142857143,1,59.389563392,4986,3465,0.6363636363636364,0.0010176974739964828,10,14
0.0,#,0.0,1.0,#,1.0,#,0.0,0.0,#,1.0,1.0,1.0,1.0,2,57.85755648000001,4939,3474,0.6363636363636364,0.0019828901146370912,13,13
#,1.0,#,0.0,#,#,1.0,0.0,0.0,#,1.0,1.0,0.8007081039652487,0.9565217391304348,1,48.458028138987466,4998,3479,0.5454545454545454,0.0008303750695453173,22,23
0.0,1.0,1.0,#,0.0,#,0.0,#,1.0,#,0.0,0.0,1.0,1.0,1,53.89342464,4989,3490,0.6363636363636364,0.0009235158332303202,12,12
#,1.0,#,#,1.0,#,0.0,#,#,#,#,0.0,0.10979242280002384,0.6428571428571429,1,42.606236969521476,4974,3491,0.2727272727272727,0.0007300989814351516,126,196
0.0,1.0,#,0.0,#,#,0.0,0.0,0.0,#,#,0.0,0.07775999999999998,0.6,1,44.16357190875302,4970,3491,0.5454545454545454,0.0007567854182988363,18,30
1.0,1.0,1.0,#,#,1.0,#,#,#,#,0.0,0.0,1.0,1.0,3,41.21724748098468,4974,3496,0.45454545454545453,0.002118891918919363,43,43
0.0,0.0,#,0.0,#,#,#,#,#,#,#,0.0,0.2626259769021645,0.7653631284916201,2,58.08935764376271,4980,3497,0.2727272727272727,0.0019908343878513486,137,179
1.0,#,#,#,#,1.0,#,#,#,1.0,1.0,1.0,0.4234790289079717,0.8421052631578947,1,54.85416376001426,4999,3508,0.36363636363636365,0.0009399790250735494,64,76
#,#,0.0,#,#,#,#,0.0,1.0,0.0,#,0.0,0.4063132638133068,0.8351648351648352,1,56.27044577037065,4955,3509,0.36363636363636365,0.0009642483838983107,76,91
#,0.0,#,#,0.0,#,#,0.0,0.0,#,#,0.0,0.5290368912286936,0.8804347826086957,3,53.99939500156437,4945,3517,0.36363636363636365,0.0027759952128811076,81,92
0.0,#,1.0,1.0,1.0,0.0,1.0,#,#,#,#,1.0,1.0,1.0,1,60.739695633996185,4964,3524,0.5454545454545454,0.0010408332927121632,20,20
0.0,#,1.0,#,1.0,#,1.0,#,#,1.0,#,1.0,1.0,1.0,1,62.913110166469366,4965,3531,0.45454545454545453,0.0010780768478641978,50,50
0.0,1.0,#,#,#,#,0.0,#,#,#,#,0.0,0.21303509417026226,0.7339901477832512,1,51.44265154718592,4989,3534,0.2727272727272727,0.0008815194715222392,149,203
0.0,#,#,#,#,0.0,0.0,0.0,#,#,#,0.0,0.2331705607570618,0.7473684210526316,1,51.20926891718545,4989,3539,0.36363636363636365,0.0008775202349651621,71,95
1.0,0.0,#,1.0,#,#,#,#,0.0,#,#,0.0,0.29253387338190723,0.782051282051282,1,51.068213113174,4948,3540,0.36363636363636365,0.000875103107658004,61,78
0.0,0.0,1.0,#,0.0,0.0,1.0,#,#,#,1.0,0.0,1.0,1.0,1,36.20128,4894,3547,0.6363636363636364,0.0006203438635887015,9,9
#,1.0,#,#,1.0,1.0,1.0,#,1.0,#,#,1.0,0.2097427655167115,0.7317073170731707,1,56.565608967160244,4991,3551,0.45454545454545453,0.0009693062900796847,30,41
#,1.0,1.0,1.0,#,#,#,#,0.0,#,0.0,0.0,0.3757907202492844,0.8222222222222222,1,49.31082957031579,4973,3568,0.45454545454545453,0.0008449886449433194,37,45
0.0,#,1.0,#,#,#,1.0,#,0.0,#,#,1.0,0.1795382215309226,0.7093023255813954,1,53.14105912383771,4998,3572,0.36363636363636365,0.0009106233241497843,61,86
0.0,1.0,1.0,#,#,1.0,1.0,#,#,#,#,1.0,1.0,1.0,1,54.341852507202745,4978,3572,0.45454545454545453,0.0009312000774250391,46,46
1.0,#,0.0,#,#,#,#,0.0,1.0,#,#,0.0,0.2529116063365419,0.7596153846153846,1,52.23763274218065,4993,3573,0.36363636363636365,0.000895142241379642,79,104
0.0,#,0.0,1.0,#,1.0,0.0,1.0,0.0,#,0.0,1.0,1.0,1.0,1,66.6,4595,3587,0.7272727272727273,0.0011412552626594286,5,5
0.0,#,0.0,1.0,#,#,1.0,#,#,#,#,1.0,0.1882412826591052,0.7160493827160493,2,43.78455273700716,4939,3591,0.36363636363636365,0.0015005811181471086,58,81
#,#,1.0,#,#,#,#,#,0.0,#,#,0.0,0.11502967946049814,0.648876404494382,1,53.8550487753641,4986,3592,0.18181818181818182,0.0009228582257607282,231,356
#,#,#,0.0,0.0,#,#,#,0.0,#,#,0.0,0.11551701977570103,0.6494252873563219,1,59.20700864857743,4980,3594,0.2727272727272727,0.0010145692223199896,113,174
#,#,#,0.0,#,#,#,#,0.0,#,0.0,0.0,0.1673772144638309,0.6994219653179191,1,55.59018697556916,4986,3605,0.2727272727272727,0.0009525914930644134,121,173
1.0,#,1.0,#,#,1.0,#,1.0,0.0,#,#,0.0,0.2957885573215846,0.7837837837837838,1,54.170615550580244,4986,3605,0.45454545454545453,0.0009282657669459518,29,37
#,1.0,#,#,#,#,#,0.0,1.0,#,0.0,0.0,0.11839692445253605,0.6526315789473685,1,47.05706952725659,4989,3611,0.36363636363636365,0.0008063682919416249,62,95
0.0,0.0,1.0,#,1.0,#,#,0.0,1.0,#,#,1.0,1.0,1.0,1,63.28709500118761,4768,3612,0.5454545454545454,0.0010844854388668557,21,21
#,#,#,0.0,1.0,#,1.0,#,#,#,1.0,1.0,0.12071966324265888,0.6551724137931034,1,54.0148435523026,4999,3617,0.36363636363636365,0.0009255964634503162,57,87
1.0,0.0,#,0.0,0.0,#,#,0.0,1.0,#,#,0.0,0.03125,0.5,1,49.6780693504,4920,3621,0.5454545454545454,0.0008512816529264876,7,14
#,0.0,0.0,1.0,#,0.0,0.0,#,0.0,#,#,1.0,0.21720617794361205,0.7368421052631579,1,37.85329584108339,4941,3622,0.5454545454545454,0.0006486527490636739,14,19
#,0.0,0.0,#,#,#,1.0,0.0,#,0.0,#,0.0,0.3943519879110702,0.8301886792452831,1,56.55132877998481,4882,3625,0.45454545454545453,0.0009690615852934125,44,53
#,0.0,1.0,#,0.0,#,1.0,1.0,#,#,1.0,0.0,0.07775999999999998,0.6,1,44.98793650176,4953,3649,0.5454545454545454,0.0007709117010333605,9,15
0.0,1.0,0.0,#,0.0,0.0,#,1.0,#,#,0.0,0.0,1.0,1.0,1,68.1490944,4638,3653,0.6363636363636364,0.001167800489932045,11,11
#,#,1.0,#,#,#,#,1.0,0.0,#,0.0,0.0,0.4387716479420954,0.8481012658227848,1,55.29054918399414,4986,3665,0.36363636363636365,0.0009474569103838333,67,79
1.0,0.0,1.0,#,0.0,1.0,#,#,0.0,#,#,1.0,0.0,0.0,1,59.1529357008896,3665,3665,0.5454545454545454,0.001013642630186112,0,17
1.0,#,#,#,1.0,1.0,1.0,0.0,#,0.0,#,0.0,0.21208362139917689,0.7333333333333333,1,57.5428839660397,4882,3677,0.5454545454545454,0.0009860528401628179,22,30
#,1.0,1.0,#,#,#,#,1.0,0.0,#,0.0,0.0,0.2957885573215846,0.7837837837837838,1,57.41087141532002,4944,3687,0.45454545454545453,0.0009837906777266927,29,37
0.0,1.0,0.0,0.0,#,0.0,#,1.0,#,#,1.0,0.0,1.0,1.0,2,43.0,4917,3694,0.6363636363636364,0.0014736929818124755,7,7
1.0,#,#,#,#,#,1.0,#,#,1.0,#,1.0,0.1428789282283839,0.6776315789473685,1,50.51068145813733,4999,3706,0.2727272727272727,0.0008655492647839828,103,152
#,0.0,1.0,#,1.0,0.0,1.0,#,#,#,#,1.0,0.41500972208362036,0.8387096774193549,2,66.73017971191662,4868,3709,0.45454545454545453,0.002286972035268297,26,31
0.0,1.0,#,#,0.0,#,0.0,0.0,#,#,#,0.0,0.2567458542283846,0.7619047619047619,1,57.13192763204398,4989,3734,0.45454545454545453,0.0009790107068460634,32,42
0.0,#,#,#,0.0,#,0.0,#,1.0,#,1.0,0.0,0.3540925979614258,0.8125,2,52.79223918510865,4933,3734,0.45454545454545453,0.00180929191584326,39,48
0.0,0.0,#,0.0,#,1.0,#,#,#,#,#,0.0,0.18109265572580094,0.7105263157894737,1,50.186465195403386,4976,3738,0.36363636363636365,0.0008599935062842097,54,76
1.0,1.0,#,#,#,1.0,#,#,#,#,1.0,1.0,0.32178662871545805,0.7971014492753623,1,38.85897518926693,4981,3740,0.36363636363636365,0.0006658860350796254,55,69
#,0.0,0.0,1.0,1.0,#,0.0,#,0.0,#,#,1.0,0.16291487262254356,0.6956521739130435,1,43.16021817270699,4941,3746,0.5454545454545454,0.0007395919838908553,16,23
0.0,1.0,#,#,0.0,0.0,#,1.0,#,#,#,0.0,0.2567458542283846,0.7619047619047619,1,56.07810285023129,4917,3764,0.45454545454545453,0.0009609524023691167,32,42
0.0,#,#,1.0,0.0,0.0,0.0,1.0,#,#,1.0,0.0,0.6472278485082303,0.9166666666666666,1,53.80251904000001,4802,3764,0.6363636363636364,0.0009219580780590709,11,12
0.0,1.0,#,0.0,#,0.0,#,#,#,0.0,1.0,0.0,0.13168724279835387,0.6666666666666666,1,53.08047568896001,4917,3770,0.5454545454545454,0.0009095851685359081,10,15
#,#,1.0,#,#,#,#,1.0,#,1.0,0.0,0.0,0.1466370908400507,0.6811594202898551,1,51.80356765626385,4944,3785,0.36363636363636365,0.0008877041173009743,47,69
0.0,1.0,0.0,#,0.0,0.0,#,#,#,#,#,0.0,1.0,1.0,2,62.244405665025205,4955,3792,0.45454545454545453,0.002133235901991543,30,30
1.0,1.0,0.0,#,#,1.0,#,#,#,0.0,#,0.0,1.0,1.0,2,41.64979662462264,4988,3797,0.45454545454545453,0.0014274189065028677,32,32
#,1.0,0.0,0.0,#,1.0,0.0,1.0,0.0,#,#,1.0,0.13168724279835387,0.6666666666666666,1,47.202239999999996,4791,3803,0.6363636363636364,0.0008088559280677686,6,9
#,1.0,#,#,#,1.0,1.0,1.0,#,1.0,#,1.0,0.7685738168758914,0.9487179487179487,2,65.27717208858942,4977,3805,0.45454545454545453,0.0022371746599888246,37,39
0.0,#,0.0,1.0,#,#,1.0,#,#,1.0,1.0,1.0,0.18593443208187066,0.7142857142857143,1,56.60751912959999,4848,3805,0.5454545454545454,0.0009700244611524065,10,14
0.0,0.0,1.0,1.0,1.0,#,0.0,#,#,0.0,#,1.0,1.0,1.0,1,34.5,4755,3819,0.6363636363636364,0.0005911907892154699,4,4
#,#,1.0,#,#,#,#,1.0,#,#,0.0,0.0,0.11950274109665414,0.6538461538461539,1,54.61390415933708,4986,3828,0.2727272727272727,0.0009358619449883049,102,156
0.0,1.0,#,#,0.0,0.0,#,0.0,#,0.0,#,0.0,0.2373046875,0.75,1,58.994014478336005,4955,3835,0.5454545454545454,0.0010109193616938063,12,16
#,0.0,#,#,#,#,1.0,1.0,1.0,#,#,1.0,0.25449371153700956,0.7605633802816901,1,59.94216475163033,4999,3840,0.36363636363636365,0.0010271668315014507,54,71
0.0,1.0,0.0,#,#,1.0,1.0,#,#,#,#,1.0,1.0,1.0,2,58.64742340948864,4991,3855,0.45454545454545453,0.002009960378603444,36,36
0.0,1.0,0.0,1.0,1.0,1.0,#,#,#,#,#,1.0,1.0,1.0,1,72.47393441382401,4848,3855,0.5454545454545454,0.0012419107966277919,16,16
#,1.0,1.0,#,#,#,1.0,#,0.0,#,1.0,1.0,1.0,1.0,2,49.2152520429086,4998,3861,0.45454545454545453,0.0016867016635759653,37,37
#,1.0,1.0,#,#,#,#,#,#,1.0,0.0,0.0,0.3120294238518407,0.7922077922077922,1,47.06890881870233,4989,3864,0.36363636363636365,0.0008065711696243368,61,77
0.0,0.0,#,#,1.0,#,1.0,0.0,#,#,#,1.0,0.278129938257687,0.7741935483870968,1,53.8078181974016,4912,3870,0.45454545454545453,0.0009220488842343296,24,31
0.0,#,#,#,#,0.0,0.0,#,1.0,0.0,1.0,0.0,0.7514188428254499,0.9444444444444444,1,58.856049761976315,4933,3871,0.5454545454545454,0.0010085552031561665,17,18
0.0,0.0,#,#,0.0,#,0.0,#,#,#,#,0.0,0.2373046875,0.75,1,58.304196468351066,4980,3887,0.36363636363636365,0.000999098664484008,60,80
1.0,0.0,0.0,#,#,#,#,0.0,#,0.0,#,0.0,1.0,1.0,1,61.24268120581836,4934,3888,0.45454545454545453,0.0010494524358185269,45,45
0.0,1.0,0.0,#,#,1.0,#,1.0,#,#,1.0,1.0,1.0,1.0,2,57.425627401812974,4991,3890,0.5454545454545454,0.0019680870715867434,22,22
0.0,1.0,0.0,1.0,#,1.0,#,#,#,#,#,1.0,1.0,1.0,6,71.05024086070242,4938,3893,0.45454545454545453,0.007305086603197893,34,34
1.0,1.0,1.0,#,#,1.0,1.0,0.0,#,#,0.0,0.0,1.0,1.0,1,48.215999999999994,4863,3914,0.6363636363636364,0.0008262276838496548,7,7
1.0,#,#,#,#,0.0,#,0.0,1.0,0.0,#,0.0,0.3158088059220047,0.7941176470588235,1,49.68252789409088,4872,3923,0.45454545454545453,0.000851358054374701,27,34
0.0,1.0,1.0,#,#,#,0.0,#,#,1.0,0.0,0.0,1.0,1.0,1,48.83251892705218,4989,3927,0.5454545454545454,0.0008367923305467636,22,22
#,#,#,#,#,1.0,1.0,#,1.0,#,#,1.0,0.13656402265261472,0.6715328467153284,1,56.678538911456265,4999,3932,0.2727272727272727,0.0009712414536418419,92,137
0.0,1.0,#,#,0.0,0.0,0.0,#,#,#,0.0,0.0,1.0,1.0,1,72.9657308340224,4989,3935,0.5454545454545454,0.0012503382028246158,17,17
#,1.0,1.0,1.0,#,#,1.0,#,#,#,1.0,1.0,1.0,1.0,3,50.50034448323297,4958,3943,0.45454545454545453,0.0025961163922344,40,40
1.0,0.0,#,#,#,#,#,#,0.0,#,0.0,0.0,0.18593443208187066,0.7142857142857143,1,56.20718321875952,4986,3945,0.36363636363636365,0.0009631643190341145,45,63
1.0,#,0.0,#,#,#,#,#,1.0,1.0,#,1.0,0.19526041471498232,0.7213114754098361,1,56.044537906698125,4999,3947,0.36363636363636365,0.0009603772346747009,44,61
1.0,1.0,#,#,#,0.0,#,#,#,1.0,#,1.0,0.11083015098357983,0.6440677966101694,1,39.29421819680299,4946,3947,0.36363636363636365,0.0006733443439818213,38,59
#,1.0,1.0,#,#,#,1.0,#,0.0,#,#,1.0,0.2373046875,0.75,1,51.934495632041504,4998,3968,0.36363636363636365,0.0008899476944989562,48,64
#,1.0,#,#,#,1.0,1.0,#,#,1.0,1.0,1.0,1.0,1.0,1,61.50159649511067,4958,3975,0.45454545454545453,0.0010538891991291551,37,37
0.0,1.0,#,#,0.0,0.0,#,#,#,#,#,0.0,0.16205380228655514,0.6949152542372882,1,55.28328029715167,4989,3983,0.36363636363636365,0.0009473323509940038,41,59
0.0,#,0.0,#,0.0,0.0,0.0,1.0,#,#,0.0,0.0,0.07775999999999998,0.6,1,69.826112,4901,3983,0.6363636363636364,0.0011965378046703706,6,10
#,1.0,#,#,#,1.0,1.0,#,0.0,#,1.0,1.0,1.0,1.0,2,64.83204691094608,4958,4004,0.45454545454545453,0.0022219193611441495,34,34
1.0,0.0,#,1.0,1.0,1.0,1.0,#,0.0,#,0.0,0.0,0.03125,0.5,1,59.0,4748,4008,0.7272727272727273,0.0010110219293829774,1,2
0.0,#,#,#,1.0,1.0,1.0,1.0,#,#,#,1.0,0.1800134415442498,0.7096774193548387,1,56.164209968673596,4991,4020,0.45454545454545453,0.0009624279309287971,22,31
#,#,0.0,1.0,1.0,1.0,0.0,#,0.0,#,#,1.0,0.26150027784488145,0.7647058823529411,1,51.318822924288,4764,4022,0.5454545454545454,0.0008793975485860512,13,17
0.0,#,#,#,0.0,0.0,0.0,#,1.0,#,#,0.0,0.512908935546875,0.875,1,59.9161186463088,4989,4031,0.45454545454545453,0.0010267205063547544,28,32
#,0.0,#,#,0.0,0.0,0.0,0.0,#,#,#,0.0,0.41500972208362036,0.8387096774193549,1,52.838149777678346,4877,4031,0.45454545454545453,0.0009054326802246627,26,31
#,#,#,#,#,1.0,#,#,1.0,1.0,1.0,1.0,0.16581708354279173,0.6981132075471698,1,50.34675670233843,4999,4037,0.36363636363636365,0.0008627402559215857,37,53
0.0,#,#,#,1.0,#,1.0,#,#,#,0.0,1.0,0.13168724279835387,0.6666666666666666,1,53.80543839306506,4978,4038,0.36363636363636365,0.0009220081039907384,40,60
1.0,#,#,#,#,#,#,#,0.0,0.0,0.0,0.0,0.5011991798150075,0.8709677419354839,1,53.604630364093296,4988,4041,0.36363636363636365,0.000918567064653677,54,62
0.0,#,#,1.0,#,1.0,#,#,0.0,#,#,1.0,0.20528663711548756,0.7285714285714285,1,52.111901260918266,4978,4044,0.36363636363636365,0.0008929877111293016,51,70
#,1.0,#,#,#,1.0,1.0,#,#,1.0,#,1.0,0.830932796194994,0.9636363636363636,1,61.44749262635524,4977,4045,0.36363636363636365,0.0010529620771329484,53,55
#,1.0,1.0,#,#,0.0,#,#,0.0,0.0,0.0,0.0,0.3787874412704941,0.8235294117647058,1,56.7480851562496,4973,4054,0.5454545454545454,0.0009724331956518809,14,17
0.0,1.0,#,#,1.0,#,1.0,#,1.0,#,#,1.0,0.16446348194331412,0.696969696969697,1,50.27673958427573,4991,4060,0.45454545454545453,0.0008615404450437282,23,33
0.0,1.0,0.0,#,0.0,0.0,#,1.0,#,1.0,#,0.0,1.0,1.0,1,54.28,4776,4063,0.6363636363636364,0.0009301401750323392,6,6
0.0,1.0,0.0,#,0.0,#,#,1.0,#,#,0.0,0.0,0.019403791345598595,0.45454545454545453,2,62.495027199999996,4638,4063,0.5454545454545454,0.0021418251856469713,5,11
0.0,#,#,0.0,0.0,#,0.0,#,#,#,1.0,0.0,0.28462802079628785,0.7777777777777778,1,54.8896286494511,4980,4069,0.45454545454545453,0.0009405867501742916,21,27
#,1.0,1.0,#,#,#,#,1.0,#,#,0.0,0.0,0.22301350200402018,0.7407407407407407,1,50.99406993271919,4944,4070,0.36363636363636365,0.0008738325927198006,40,54
1.0,1.0,1.0,#,#,#,1.0,#,#,#,1.0,1.0,1.0,1.0,3,41.01448680309799,4946,4073,0.45454545454545453,0.0021084684193383454,27,27
#,0.0,0.0,#,#,#,#,1.0,0.0,#,#,1.0,0.2438596708938226,0.7540983606557377,1,56.100074282508885,4972,4086,0.36363636363636365,0.0009613289040615337,46,61
1.0,0.0,0.0,#,#,#,#,0.0,#,#,#,0.0,1.0,1.0,10,51.11987788508492,4993,4088,0.36363636363636365,0.00875988433376284,60,60
0.0,1.0,#,#,#,1.0,1.0,#,#,#,1.0,1.0,1.0,1.0,3,55.04552569271588,4991,4089,0.45454545454545453,0.002829774589309315,37,37
0.0,#,#,#,#,0.0,0.0,#,#,0.0,#,0.0,0.37073984319999986,0.82,2,54.665935781339876,4968,4097,0.36363636363636365,0.0018735071140737688,41,50
1.0,0.0,0.0,#,0.0,#,0.0,0.0,#,#,#,0.0,1.0,1.0,2,46.65564461056,4817,4101,0.5454545454545454,0.0015989789773144028,16,16
#,1.0,1.0,#,#,#,0.0,1.0,1.0,1.0,0.0,0.0,1.0,1.0,2,38.8,4830,4102,0.6363636363636364,0.0013297508766121871,6,6
#,#,0.0,1.0,#,#,0.0,1.0,#,#,#,1.0,0.2811399744719323,0.7758620689655172,1,57.17772574241291,4997,4111,0.36363636363636365,0.0009797955016580514,45,58
#,#,0.0,1.0,#,#,#,1.0,#,1.0,1.0,1.0,0.43375716751999094,0.8461538461538461,1,58.44612802939084,4870,4111,0.45454545454545453,0.0010015307987328685,22,26
0.0,0.0,1.0,#,1.0,#,#,#,1.0,#,0.0,1.0,1.0,1.0,1,63.08687372288,4768,4116,0.5454545454545454,0.001081054454068583,15,15
1.0,0.0,#,#,#,0.0,#,0.0,0.0,#,#,0.0,1.0,1.0,1,57.78446435869655,4876,4117,0.45454545454545453,0.0009901925532930726,20,20
0.0,1.0,0.0,1.0,0.0,0.0,#,1.0,#,#,1.0,0.0,1.0,1.0,1,61.666666666666664,4776,4126,0.7272727272727273,0.0010567178357957672,3,3
0.0,1.0,0.0,#,#,1.0,#,#,#,#,#,1.0,1.0,1.0,5,51.44526542753826,4991,4128,0.36363636363636365,0.004407821314421112,56,56
1.0,#,0.0,#,#,0.0,#,#,#,1.0,#,1.0,0.20612659768312552,0.7291666666666666,2,45.907840010706124,4972,4133,0.36363636363636365,0.0015733502705569205,35,48
#,0.0,0.0,#,#,#,#,0.0,#,0.0,#,0.0,0.22965034521487823,0.7450980392156863,1,48.958286749363346,4934,4137,0.36363636363636365,0.0008389474835360405,38,51
1.0,1.0,#,1.0,#,#,0.0,#,#,0.0,1.0,1.0,0.3276800000000001,0.8,1,23.784,4890,4138,0.5454545454545454,0.00040756178929567344,8,10
1.0,1.0,#,#,#,#,#,#,#,0.0,#,0.0,0.21574646429773925,0.7358490566037735,1,42.117485790965155,4988,4139,0.2727272727272727,0.0007217237583922327,78,106
0.0,1.0,#,#,#,0.0,0.0,#,#,#,#,0.0,1.0,1.0,6,57.08837823792093,4989,4143,0.36363636363636365,0.005869586675740474,52,52
0.0,#,#,#,#,0.0,#,#,#,1.0,#,0.0,0.08729029141895421,0.6140350877192983,1,52.41351778836645,4989,4143,0.2727272727272727,0.0008981562013583602,70,114
0.0,1.0,#,0.0,#,1.0,0.0,#,#,0.0,#,0.0,0.04526613752481193,0.5384615384615384,1,37.795020288,4867,4156,0.5454545454545454,0.0006476541412312295,7,13
#,0.0,1.0,0.0,0.0,#,#,#,0.0,#,0.0,0.0,1.0,1.0,1,59.000633548799996,4968,4160,0.5454545454545454,0.0010110327858529797,16,16
1.0,1.0,#,#,#,#,#,0.0,#,0.0,#,0.0,0.36250963708328304,0.8163265306122449,2,43.20157285163631,4973,4167,0.36363636363636365,0.0014806012724352744,40,49
#,#,0.0,#,#,0.0,#,#,#,#,#,0.0,0.09226463701465017,0.6208791208791209,1,45.33348269550194,4993,4169,0.18181818181818182,0.0007768329684823083,113,182
1.0,#,1.0,#,#,#,0.0,#,0.0,#,#,0.0,0.21720617794361205,0.7368421052631579,1,52.1724492634715,4986,4171,0.36363636363636365,0.0008940252595761094,42,57
1.0,0.0,#,#,1.0,#,#,#,0.0,#,#,0.0,0.2373046875,0.75,1,53.07700167933439,4986,4173,0.36363636363636365,0.0009095256380288845,36,48
0.0,#,#,#,0.0,0.0,0.0,#,#,#,1.0,0.0,0.5277319168,0.88,1,58.98669933957533,4980,4184,0.45454545454545453,0.0010107940097327298,22,25
1.0,1.0,#,#,#,#,0.0,#,#,0.0,#,0.0,0.22190066239999998,0.74,1,39.124351767142365,4973,4194,0.36363636363636365,0.0006704335188046539,37,50
1.0,1.0,1.0,#,1.0,#,#,#,#,#,1.0,1.0,1.0,1.0,2,38.808734940974865,4929,4198,0.45454545454545453,0.0013300502398961688,23,23
0.0,1.0,0.0,1.0,1.0,1.0,#,#,#,1.0,#,1.0,1.0,1.0,1,82.75,4848,4200,0.6363636363636364,0.0014180010958718878,4,4
1.0,#,1.0,1.0,#,#,1.0,#,#,0.0,1.0,1.0,0.18593443208187066,0.7142857142857143,1,49.1296231424,4929,4203,0.5454545454545454,0.000841883497954031,10,14
#,0.0,1.0,#,#,#,#,#,#,#,1.0,0.0,0.06966740954451933,0.5869565217391305,1,50.32187980396218,4953,4210,0.2727272727272727,0.00086231396626407,54,92
#,0.0,0.0,0.0,1.0,#,#,#,1.0,#,#,0.0,0.22301350200402018,0.7407407407407407,2,55.545713897445346,4976,4213,0.45454545454545453,0.0019036588079169511,20,27
#,0.0,1.0,#,0.0,#,#,#,#,0.0,1.0,0.0,0.3276800000000001,0.8,1,49.41074331181227,4953,4214,0.45454545454545453,0.00084670076331111,24,30
0.0,1.0,1.0,#,#,1.0,#,#,0.0,#,0.0,0.0,0.04526613752481193,0.5384615384615384,1,50.287942144,4730,4216,0.5454545454545454,0.0008617324117140071,7,13
#,1.0,1.0,#,#,#,0.0,1.0,0.0,#,0.0,0.0,1.0,1.0,1,55.232192,4944,4216,0.5454545454545454,0.0009464569037269669,11,11
0.0,#,#,#,#,1.0,1.0,#,#,#,1.0,1.0,0.29209816617096457,0.7818181818181819,1,53.778936794941416,4991,4217,0.36363636363636365,0.0009215539735353706,43,55
#,#,#,0.0,0.0,0.0,0.0,0.0,1.0,#,#,0.0,0.5904900000000001,0.9,1,61.251776,4989,4231,0.5454545454545454,0.0010496082838924398,9,10
0.0,0.0,0.0,1.0,#,#,#,0.0,#,#,#,1.0,1.0,1.0,1,36.16117921482099,4941,4237,0.45454545454545453,0.0006196566979412193,30,30
1.0,1.0,1.0,#,#,#,#,#,1.0,#,0.0,0.0,1.0,1.0,2,36.07496246773281,4974,4246,0.45454545454545453,0.0012363585815778212,26,26
#,1.0,1.0,#,#,1.0,#,#,#,1.0,0.0,0.0,0.2373046875,0.75,1,41.33388327364198,4974,4246,0.45454545454545453,0.0007082959731560728,15,20
#,0.0,1.0,#,#,1.0,#,0.0,1.0,#,#,1.0,0.13168724279835387,0.6666666666666666,1,53.41414278913065,4768,4247,0.45454545454545453,0.0009153028762543173,14,21
#,#,0.0,#,#,#,1.0,0.0,1.0,#,#,0.0,0.21405831560130784,0.7346938775510204,1,49.91399686992626,4993,4248,0.36363636363636365,0.000855324498621165,36,49
0.0,0.0,#,1.0,#,#,1.0,0.0,#,#,#,1.0,0.06754356352880661,0.5833333333333334,1,45.42047125278195,4939,4250,0.45454545454545453,0.0007783236013469775,14,24
0.0,1.0,1.0,#,#,#,0.0,#,0.0,#,0.0,0.0,1.0,1.0,3,52.4334219264,4970,4251,0.5454545454545454,0.0026954918339074903,14,14
#,1.0,#,#,#,#,#,#,#,#,1.0,1.0,0.150259457166637,0.6844919786096256,1,47.258801380054095,4998,4252,0.18181818181818182,0.0008098251618913425,128,187
1.0,1.0,1.0,#,#,1.0,#,1.0,#,0.0,1.0,1.0,1.0,1.0,1,31.576,4929,4252,0.6363636363636364,0.0005410852278338457,7,7
1.0,#,0.0,#,#,1.0,#,0.0,#,0.0,#,0.0,1.0,1.0,2,57.010008782662524,4934,4254,0.45454545454545453,0.0019538430194436596,24,24
0.0,1.0,1.0,#,1.0,#,0.0,1.0,0.0,#,0.0,0.0,1.0,1.0,1,49.0,4855,4264,0.7272727272727273,0.0008396622803350151,1,1
#,0.0,#,0.0,#,#,#,0.0,1.0,0.0,#,0.0,0.2373046875,0.75,1,59.12928401154376,4934,4271,0.45454545454545453,0.0010132373356675425,15,20
0.0,0.0,0.0,0.0,1.0,#,#,#,#,#,#,0.0,1.0,1.0,2,47.54940432331047,4976,4276,0.45454545454545453,0.0016296098474564283,21,21
0.0,1.0,#,#,#,1.0,#,#,#,#,#,1.0,0.2149341667858102,0.7352941176470589,1,49.532931934176005,4991,4279,0.2727272727272727,0.0008487945832557003,75,102
0.0,1.0,0.0,#,0.0,1.0,#,#,#,#,#,1.0,1.0,1.0,3,57.59413243828618,4938,4279,0.45454545454545453,0.0029607930965539738,29,29
1.0,0.0,0.0,#,#,1.0,#,0.0,#,0.0,#,0.0,1.0,1.0,1,61.749034188799996,4934,4286,0.5454545454545454,0.0010581292827643392,14,14
0.0,0.0,0.0,1.0,#,#,#,0.0,#,#,0.0,1.0,1.0,1.0,2,32.47069507584,4941,4287,0.5454545454545454,0.0011128333825078677,15,15
1.0,#,0.0,#,#,#,#,1.0,#,#,#,1.0,0.3090667656414808,0.7906976744186046,2,54.06919915068833,4999,4296,0.2727272727272727,0.0018530557981532663,68,86
0.0,1.0,#,#,#,1.0,0.0,#,0.0,#,0.0,0.0,0.012558674125514407,0.4166666666666667,1,52.001144319999995,4730,4298,0.5454545454545454,0.0008910897840767636,5,12
1.0,1.0,1.0,#,#,1.0,1.0,#,1.0,#,0.0,0.0,1.0,1.0,1,47.96,4863,4307,0.6363636363636364,0.000821840876834027,6,6
#,#,0.0,1.0,#,#,#,#,0.0,#,#,1.0,0.13925353179025582,0.6741573033707865,1,46.0722637354129,4972,4314,0.2727272727272727,0.0007894926944545514,60,89
#,#,1.0,#,1.0,#,#,#,#,#,#,1.0,0.07858372145773268,0.6012658227848101,1,55.05789038029479,4998,4315,0.18181818181818182,0.0009434700772888494,95,158
#,1.0,1.0,#,0.0,#,#,#,0.0,#,0.0,0.0,0.43375716751999094,0.8461538461538461,1,50.863840161329634,4944,4317,0.45454545454545453,0.0008716009799277094,22,26
1.0,#,1.0,#,#,#,#,#,#,#,0.0,0.0,0.24583995944045128,0.7553191489361702,1,50.83833248756097,4986,4317,0.2727272727272727,0.0008711638813252066,71,94
1.0,#,1.0,#,1.0,#,#,#,1.0,#,#,1.0,0.18109265572580094,0.7105263157894737,1,57.452905821033866,4929,4318,0.36363636363636365,0.0009845109778277993,27,38
0.0,#,#,0.0,0.0,0.0,0.0,#,#,#,1.0,0.0,1.0,1.0,2,71.072,4980,4319,0.5454545454545454,0.002435774595427355,8,8
0.0,#,#,#,#,#,0.0,#,#,0.0,#,0.0,0.09999606673116371,0.6309523809523809,1,50.32779992985421,4976,4326,0.2727272727272727,0.0008624154133335878,53,84
#,1.0,0.0,#,#,1.0,#,#,#,#,#,1.0,0.2774408158555733,0.7738095238095238,3,47.92815839551497,4991,4333,0.2727272727272727,0.0024638857206511775,65,84
1.0,0.0,#,#,#,#,#,#,1.0,#,#,1.0,0.11656772945868787,0.6506024096385542,1,54.12157663113223,4999,4339,0.2727272727272727,0.0009274254377433215,54,83
1.0,#,1.0,#,1.0,#,1.0,#,#,#,1.0,1.0,0.10049355861780968,0.631578947368421,1,51.742775155752966,4929,4353,0.45454545454545453,0.0008866623791457449,12,19
0.0,1.0,0.0,#,1.0,0.0,#,#,#,#,#,0.0,1.0,1.0,1,39.4040057921536,4928,4362,0.45454545454545453,0.0006752256603627313,17,17
#,#,1.0,#,1.0,#,1.0,0.0,#,#,#,1.0,0.21208362139917689,0.7333333333333333,1,59.21743709878233,4998,4366,0.36363636363636365,0.001014747923876712,33,45
1.0,0.0,0.0,#,0.0,#,0.0,0.0,#,1.0,#,0.0,1.0,1.0,2,44.408,4817,4367,0.6363636363636364,0.0015219478589843817,7,7
1.0,1.0,#,#,#,#,#,#,#,1.0,#,1.0,0.18593443208187066,0.7142857142857143,1,42.21885064939191,4981,4368,0.2727272727272727,0.0007234607430488132,50,70
1.0,1.0,#,#,1.0,#,#,1.0,#,0.0,0.0,0.0,1.0,1.0,1,53.7046656,4847,4378,0.5454545454545454,0.0009202812649454172,11,11
1.0,0.0,#,1.0,#,#,1.0,0.0,0.0,#,#,0.0,1.0,1.0,1,53.8,4799,4381,0.5454545454545454,0.000921914911878037,7,7
1.0,0.0,1.0,#,#,#,0.0,#,1.0,#,#,1.0,1.0,1.0,2,58.914318848,4957,4387,0.45454545454545453,0.002019107400338606,13,13
#,1.0,1.0,#,#,#,1.0,#,#,#,1.0,1.0,1.0,1.0,3,50.48668470222875,4998,4392,0.36363636363636365,0.002595414171650713,46,46
#,#,1.0,#,1.0,#,1.0,#,1.0,1.0,1.0,1.0,1.0,1.0,1,58.5,4861,4392,0.5454545454545454,0.0010024539469305792,4,4
1.0,0.0,0.0,#,#,#,1.0,0.0,1.0,#,1.0,0.0,1.0,1.0,1,55.68,4809,4393,0.6363636363636364,0.000954130525899054,6,6
#,1.0,0.0,#,#,1.0,0.0,#,#,#,#,1.0,0.2693290743429045,0.7692307692307693,1,47.12320631393694,4979,4394,0.36363636363636365,0.0008075016095970954,30,39
0.0,1.0,#,#,0.0,#,0.0,#,1.0,#,#,0.0,0.512908935546875,0.875,1,56.903024686019805,4989,4403,0.45454545454545453,0.0009750882339963887,21,24
#,0.0,0.0,0.0,0.0,1.0,#,0.0,#,1.0,#,1.0,0.0,0.0,1,45.736000000000004,4414,4414,0.6363636363636364,0.0007837304908857604,0,7
0.0,1.0,#,#,#,#,0.0,#,1.0,0.0,#,0.0,0.6903615309097401,0.9285714285714286,1,56.0663027712,4933,4423,0.45454545454545453,0.0009607501966289627,13,14
1.0,0.0,#,#,#,#,0.0,0.0,0.0,#,#,1.0,0.0,0.0,1,55.489570959359995,4429,4429,0.45454545454545453,0.0009508673405417928,0,15
0.0,0.0,#,#,0.0,0.0,0.0,#,#,#,#,0.0,0.19349176319999997,0.72,1,61.62946322263957,4980,4442,0.45454545454545453,0.0010560803188845815,18,25
0.0,#,#,0.0,0.0,0.0,0.0,#,#,#,0.0,0.0,1.0,1.0,2,68.2452196352,4989,4442,0.5454545454545454,0.002338895377177795,14,14
0.0,#,1.0,#,#,0.0,0.0,#,1.0,#,1.0,0.0,1.0,1.0,1,51.0,4933,4451,0.5454545454545454,0.0008739342101446076,5,5
#,0.0,1.0,#,0.0,#,#,1.0,0.0,0.0,#,0.0,1.0,1.0,1,50.7376,4968,4455,0.5454545454545454,0.000869437732953589,8,8
1.0,0.0,1.0,#,#,#,#,#,#,#,1.0,0.0,0.10189707818930038,0.6333333333333333,1,50.494586076000914,4953,4455,0.36363636363636365,0.0008652734548805639,19,30
1.0,0.0,#,1.0,1.0,#,#,0.0,0.0,#,#,0.0,1.0,1.0,1,50.21728,4948,4466,0.5454545454545454,0.0008605215476943255,9,9
1.0,0.0,#,#,#,#,1.0,0.0,#,#,#,0.0,0.3666478320532007,0.8181818181818182,1,50.38983086602839,4993,4469,0.36363636363636365,0.0008634783732788802,27,33
0.0,#,#,#,1.0,#,1.0,#,#,#,#,1.0,0.19766169100952616,0.7230769230769231,1,54.70929707538627,4998,4470,0.2727272727272727,0.00093749659464989,47,65
1.0,1.0,1.0,#,#,1.0,#,#,#,#,1.0,1.0,1.0,1.0,2,34.432125661184,4981,4474,0.45454545454545453,0.0011800553938551652,16,16
#,#,0.0,#,#,#,#,#,0.0,#,#,1.0,0.083084095520768,0.608,1,48.95766598870057,4979,4475,0.18181818181818182,0.0008389368462031089,76,125
0.0,#,0.0,0.0,#,#,#,#,#,0.0,#,0.0,0.11950274109665414,0.6538461538461539,1,50.66841842874087,4976,4487,0.36363636363636365,0.0008682522399764339,17,26
0.0,1.0,#,0.0,#,0.0,0.0,#,0.0,0.0,#,0.0,1.0,1.0,1,48.0,4840,4496,0.6363636363636364,0.0008225263154302189,4,4
#,0.0,1.0,0.0,#,#,#,1.0,1.0,#,#,1.0,0.3540925979614258,0.8125,1,56.59250608128,4957,4502,0.45454545454545453,0.0009697671980832812,13,16
0.0,#,#,0.0,#,#,0.0,#,#,0.0,#,0.0,0.3109652044351208,0.7916666666666666,1,52.32161596933203,4976,4505,0.36363636363636365,0.0008965813750126995,19,24
0.0,1.0,#,0.0,0.0,#,0.0,#,#,#,#,0.0,0.19649623617673456,0.7222222222222222,1,56.90674419843072,4989,4505,0.45454545454545453,0.0009751519714305252,13,18
#,1.0,1.0,1.0,#,#,1.0,#,#,0.0,1.0,1.0,1.0,1.0,1,45.88,4929,4528,0.5454545454545454,0.0007861980698320509,6,6
#,0.0,0.0,#,#,1.0,#,1.0,#,#,#,1.0,0.3035966957071313,0.7878787878787878,1,58.41208567014989,4999,4546,0.36363636363636365,0.0010009474500596392,26,33
#,#,0.0,0.0,1.0,#,#,#,#,0.0,#,0.0,0.1991161489782947,0.7241379310344828,1,49.3597231260121,4976,4549,0.36363636363636365,0.000845826483197802,21,29
1.0,1.0,1.0,#,1.0,#,#,1.0,0.0,0.0,#,1.0,0.004115226337448558,0.3333333333333333,1,47.0,4624,4551,0.6363636363636364,0.0008053903505254227,1,3
1.0,#,0.0,0.0,1.0,#,1.0,0.0,#,0.0,1.0,0.0,0.1,1.0,1,55.0,4552,4552,0.7272727272727273,0.0009424780697637925,0,0
#,0.0,#,#,0.0,0.0,#,#,0.0,0.0,0.0,0.0,0.13168724279835387,0.6666666666666666,1,63.08,4968,4553,0.5454545454545454,0.001080936666194546,4,6
1.0,#,0.0,#,#,1.0,0.0,0.0,#,0.0,#,0.0,1.0,1.0,1,54.104,4934,4554,0.5454545454545454,0.0009271242452090951,7,7
0.0,#,0.0,1.0,#,#,#,0.0,#,#,0.0,1.0,0.2373046875,0.75,1,37.230491369472006,4941,4559,0.45454545454545453,0.0006379803934955912,12,16
1.0,#,#,#,#,#,1.0,0.0,#,0.0,0.0,0.0,0.534824985896467,0.8823529411764706,1,60.118958529740794,4897,4562,0.45454545454545453,0.001030196363478538,15,17
0.0,#,0.0,#,0.0,0.0,#,#,#,#,1.0,0.0,0.1043582467665522,0.6363636363636364,1,59.7630976,4980,4563,0.45454545454545453,0.0010240983430755118,7,11
0.0,1.0,1.0,#,#,#,0.0,#,#,#,0.0,0.0,1.0,1.0,2,50.51930368,4989,4566,0.45454545454545453,0.0017313940297504458,12,12
0.0,1.0,0.0,#,#,1.0,#,1.0,#,1.0,1.0,1.0,1.0,1.0,1,77.64,4614,4574,0.6363636363636364,0.001330436315208379,6,6
1.0,0.0,0.0,#,0.0,1.0,0.0,0.0,#,1.0,#,0.0,1.0,1.0,1,49.5,4759,4583,0.7272727272727273,0.0008482302627874133,2,2
0.0,#,1.0,#,#,0.0,0.0,0.0,1.0,#,1.0,0.0,1.0,1.0,1,64.0,4933,4586,0.6363636363636364,0.0010967017539069586,1,1
#,#,#,1.0,#,#,#,1.0,1.0,#,0.0,1.0,0.12171569466590881,0.65625,1,51.44490832461927,4997,4589,0.36363636363636365,0.0008815581435811351,21,32
0.0,#,1.0,0.0,0.0,#,0.0,#,1.0,0.0,#,0.0,1.0,1.0,1,46.5,4838,4592,0.6363636363636364,0.0007968223680730246,4,4
0.0,#,1.0,#,#,#,0.0,#,#,0.0,1.0,0.0,0.1590361251087416,0.6923076923076923,1,42.44476928,4933,4592,0.45454545454545453,0.0007273320767742531,9,13
0.0,#,0.0,#,#,1.0,#,1.0,#,#,#,1.0,0.3158088059220047,0.7941176470588235,1,53.874238630784326,4997,4595,0.36363636363636365,0.0009231870624497373,27,34
0.0,#,#,#,1.0,#,1.0,0.0,#,1.0,#,1.0,0.401877572016461,0.8333333333333334,1,55.07983359999999,4964,4597,0.45454545454545453,0.000943846095531616,10,12
0.0,#,1.0,#,1.0,#,1.0,#,0.0,#,#,1.0,1.0,1.0,1,59.526560768,4998,4597,0.45454545454545453,0.001020045056223668,13,13
0.0,#,#,1.0,0.0,0.0,0.0,#,#,#,1.0,0.0,0.16806999999999994,0.7,1,55.190016,4933,4601,0.5454545454545454,0.0009457341772711423,7,10
0.0,0.0,#,#,0.0,#,1.0,#,#,#,1.0,0.0,0.13168724279835387,0.6666666666666666,1,45.36,4894,4602,0.45454545454545453,0.0007772873680815569,4,6
0.0,1.0,1.0,0.0,0.0,#,0.0,#,1.0,1.0,0.0,0.0,1.0,1.0,1,67.0,4989,4605,0.8181818181818182,0.0011481096486213472,1,1
1.0,0.0,#,#,#,1.0,#,1.0,#,#,#,1.0,0.1991161489782947,0.7241379310344828,1,58.14951646910966,4999,4610,0.36363636363636365,0.0009964480734455333,21,29
0.0,#,0.0,#,#,1.0,#,#,#,1.0,1.0,1.0,0.46266436603796024,0.8571428571428571,1,62.80035133439999,4979,4614,0.45454545454545453,0.001076144616475151,12,14
0.0,1.0,0.0,#,0.0,0.0,#,1.0,#,#,1.0,0.0,1.0,1.0,2,61.0,4917,4616,0.6363636363636364,0.0020905877183851397,3,3
0.0,1.0,#,0.0,#,0.0,0.0,#,#,0.0,1.0,0.0,1.0,1.0,2,37.0,4675,4616,0.6363636363636364,0.0012680614029549207,2,2
1.0,1.0,1.0,#,#,1.0,#,#,0.0,0.0,1.0,0.0,0.1,1.0,1,19.75,4624,4624,0.6363636363636364,0.0003384353068697255,0,0
0.0,#,0.0,1.0,#,1.0,#,1.0,#,#,#,1.0,1.0,1.0,1,61.5217405952,4997,4626,0.45454545454545453,0.0010542343877213245,14,14
#,#,0.0,1.0,#,0.0,1.0,0.0,1.0,0.0,#,0.0,1.0,1.0,1,54.25,4955,4630,0.6363636363636364,0.0009296260960851954,4,4
0.0,0.0,0.0,1.0,#,#,0.0,#,1.0,#,#,1.0,1.0,1.0,2,54.08,4997,4634,0.5454545454545454,0.00185342596410276,7,7
1.0,1.0,1.0,#,1.0,1.0,#,#,#,#,1.0,1.0,1.0,1.0,1,42.616,4929,4646,0.5454545454545454,0.000730266280382796,7,7
0.0,0.0,#,#,0.0,#,#,#,#,#,1.0,0.0,0.19649623617673456,0.7222222222222222,1,52.83189276737536,4980,4650,0.36363636363636365,0.0009053254603157018,13,18
#,0.0,1.0,#,1.0,1.0,#,#,#,#,#,1.0,0.19349176319999997,0.72,1,60.146516444703515,4965,4651,0.36363636363636365,0.0010306685949421886,18,25
1.0,1.0,1.0,#,1.0,#,#,1.0,#,0.0,#,1.0,0.03125,0.5,1,46.839999999999996,4929,4658,0.5454545454545454,0.0008026485961406553,3,6
1.0,1.0,0.0,#,#,1.0,#,#,#,#,#,0.0,0.06754356352880661,0.5833333333333334,1,50.20672588028191,4988,4661,0.36363636363636365,0.0008603406926692352,14,24
1.0,1.0,0.0,0.0,#,1.0,#,#,#,#,#,0.0,0.06754356352880661,0.5833333333333334,1,53.308003840000005,4947,4661,0.45454545454545453,0.0009134840829469826,7,12
1.0,#,0.0,#,#,1.0,#,0.0,1.0,#,1.0,0.0,1.0,1.0,2,55.75,4934,4662,0.5454545454545454,0.0019106600868847793,4,4
#,1.0,0.0,#,#,#,#,#,#,0.0,#,0.0,0.18109265572580094,0.7105263157894737,2,46.269258049631766,4988,4667,0.2727272727272727,0.0015857367642189005,27,38
0.0,#,0.0,1.0,1.0,1.0,#,1.0,#,#,#,0.0,0.0,0.0,1,62.0,4670,4670,0.5454545454545454,0.001062429824097366,0,4
0.0,1.0,1.0,0.0,1.0,#,0.0,#,0.0,#,#,1.0,0.0,0.0,1,37.0,4675,4675,0.6363636363636364,0.0006340307014774604,0,4
1.0,#,1.0,#,1.0,#,#,#,#,#,1.0,1.0,0.07775999999999998,0.6,1,52.52680491008,4929,4676,0.36363636363636365,0.000900097485500209,9,15
#,0.0,1.0,#,0.0,#,#,0.0,#,#,#,0.0,0.48045708347045346,0.8636363636363636,1,49.53195724846505,4945,4677,0.36363636363636365,0.0008487778810755642,19,22
#,1.0,1.0,0.0,#,#,#,1.0,1.0,1.0,0.0,0.0,0.1,1.0,1,39.0,4681,4681,0.6363636363636364,0.0006683026312870529,0,0
1.0,#,0.0,#,#,1.0,#,0.0,1.0,#,#,0.0,0.3666478320532007,0.8181818181818182,1,58.3662592,4934,4686,0.45454545454545453,0.00100016216927544,9,11
1.0,0.0,#,1.0,#,#,0.0,0.0,#,1.0,#,0.0,0.3276800000000001,0.8,1,42.8,4948,4689,0.5454545454545454,0.0007334192979252784,4,5
1.0,0.0,0.0,#,0.0,#,0.0,0.0,0.0,1.0,#,0.0,1.0,1.0,1,55.0,4759,4689,0.7272727272727273,0.0009424780697637925,1,1
0.0,0.0,0.0,0.0,#,#,#,#,#,1.0,#,0.0,1.0,1.0,1,53.568,4980,4691,0.45454545454545453,0.0009179393680201242,8,8
#,0.0,#,0.0,0.0,#,0.0,#,#,#,1.0,0.0,0.18593443208187066,0.7142857142857143,1,55.872,4980,4697,0.45454545454545453,0.0009574206311607749,5,7
0.0,#,#,0.0,#,1.0,1.0,#,#,1.0,#,1.0,0.03125,0.5,1,49.0,4768,4700,0.45454545454545453,0.0008396622803350151,2,4
1.0,#,#,#,1.0,1.0,#,#,#,#,1.0,1.0,0.06092699470458736,0.5714285714285714,1,54.6501492736,4999,4706,0.36363636363636365,0.0009364830399942847,8,14
1.0,1.0,1.0,#,1.0,#,#,#,#,1.0,1.0,1.0,1.0,1.0,1,36.0,4869,4706,0.5454545454545454,0.0006168947365726642,1,1
0.0,1.0,#,#,#,0.0,0.0,#,#,0.0,#,0.0,1.0,1.0,1,63.04,4933,4708,0.45454545454545453,0.0010802512275983542,6,6
0.0,#,#,0.0,0.0,#,#,0.0,#,#,0.0,0.0,0.3276800000000001,0.8,1,53.845439999999996,4989,4709,0.45454545454545453,0.0009226935701233109,8,10
#,1.0,#,#,#,1.0,1.0,1.0,0.0,#,#,1.0,0.03125,0.5,1,56.12,4978,4710,0.45454545454545453,0.0009616703504571642,3,6
0.0,#,#,1.0,#,#,#,#,#,#,#,1.0,0.13607643380966894,0.6710526315789473,1,52.486206593463365,4997,4718,0.18181818181818182,0.0008994017941714726,51,76
1.0,0.0,#,#,#,0.0,#,0.0,0.0,#,1.0,0.0,1.0,1.0,1,53.0,4876,4721,0.5454545454545454,0.0009082061399542001,1,1
0.0,1.0,1.0,#,#,1.0,0.0,#,#,1.0,0.0,0.0,1.0,1.0,1,38.0,4830,4730,0.6363636363636364,0.0006511666663822567,1,1
#,0.0,1.0,#,1.0,#,1.0,1.0,#,#,#,1.0,0.3276800000000001,0.8,1,64.02304000000001,4965,4731,0.45454545454545453,0.0010970965665383651,8,10
#,#,1.0,#,1.0,1.0,1.0,#,#,#,#,1.0,0.4234790289079717,0.8421052631578947,1,58.53186041511936,4978,4731,0.36363636363636365,0.001002999905885917,16,19
0.0,1.0,0.0,#,#,1.0,#,1.0,0.0,#,1.0,1.0,1.0,1.0,1,57.0,4938,4738,0.6363636363636364,0.000976749999573385,1,1
0.0,1.0,#,#,#,1.0,1.0,#,#,#,#,1.0,1.0,1.0,1,53.343256576,4991,4740,0.36363636363636365,0.0009140881725938765,13,13
1.0,0.0,0.0,#,0.0,#,0.0,0.0,#,#,1.0,0.0,1.0,1.0,1,43.0,4817,4741,0.6363636363636364,0.0007368464909062377,1,1
#,1.0,1.0,#,#,1.0,0.0,1.0,#,#,0.0,0.0,1.0,1.0,1,38.0,4830,4743,0.5454545454545454,0.0006511666663822567,3,3
1.0,#,#,1.0,1.0,1.0,#,#,0.0,#,#,0.0,0.06092699470458736,0.5714285714285714,1,54.56,4948,4748,0.45454545454545453,0.0009349382452056822,4,7
#,#,0.0,#,#,#,#,1.0,#,#,#,1.0,0.13691228162497282,0.671875,1,54.779416669101984,4999,4749,0.18181818181818182,0.000938698161546941,43,64
0.0,#,0.0,#,0.0,1.0,#,#,#,#,#,1.0,0.2373046875,0.75,1,52.539045396480006,4939,4751,0.36363636363636365,0.0009003072380455772,12,16
1.0,1.0,#,#,#,#,#,1.0,#,0.0,0.0,0.0,1.0,1.0,1,44.38270719999999,4988,4753,0.45454545454545453,0.0007605405129590466,11,11
0.0,#,#,#,#,0.0,0.0,#,#,#,0.0,0.0,0.095367431640625,0.625,1,55.89415663616,4989,4754,0.36363636363636365,0.0009578003065004209,10,16
#,#,1.0,#,1.0,#,#,#,1.0,#,1.0,1.0,1.0,1.0,1,62.071999999999996,4929,4757,0.36363636363636365,0.0010636636135705113,7,7
#,0.0,0.0,0.0,#,#,#,0.0,0.0,#,0.0,1.0,0.0,0.0,1,57.333333333333336,4759,4759,0.5454545454545454,0.0009824619878749836,0,3
1.0,0.0,#,0.0,#,#,0.0,0.0,#,#,#,0.0,1.0,1.0,1,56.12,4934,4759,0.45454545454545453,0.0009616703504571642,6,6
0.0,0.0,1.0,#,0.0,1.0,0.0,#,1.0,#,#,0.0,1.0,1.0,1,23.5,4918,4760,0.6363636363636364,0.00040269517526271136,2,2
0.0,#,1.0,0.0,0.0,#,0.0,#,1.0,0.0,0.0,0.0,1.0,1.0,1,53.0,4838,4760,0.7272727272727273,0.0009082061399542001,1,1
0.0,1.0,0.0,#,0.0,0.0,#,#,#,#,1.0,0.0,1.0,1.0,1,50.0,4917,4761,0.5454545454545454,0.0008567982452398114,2,2
0.0,1.0,0.0,#,#,0.0,#,1.0,#,0.0,1.0,1.0,0.0,0.0,1,52.5,4761,4761,0.6363636363636364,0.000899638157501802,0,2
#,0.0,#,1.0,#,#,#,1.0,#,#,#,1.0,0.22481780895283973,0.7419354838709677,1,53.1362567961736,4997,4764,0.2727272727272727,0.0009105410316314708,23,31
0.0,1.0,0.0,1.0,0.0,0.0,#,1.0,0.0,#,1.0,0.0,0.1,1.0,1,61.666666666666664,4776,4776,0.8181818181818182,0.0010567178357957672,0,0
1.0,0.0,#,#,#,1.0,#,0.0,0.0,#,#,0.0,1.0,1.0,1,55.384,4948,4781,0.45454545454545453,0.0009490582802872343,8,8
#,1.0,1.0,#,0.0,1.0,1.0,#,#,#,#,1.0,0.3276800000000001,0.8,1,47.0,4963,4789,0.45454545454545453,0.0008053903505254227,4,5
#,1.0,1.0,#,#,#,1.0,#,#,1.0,1.0,1.0,1.0,1.0,2,45.891392,4982,4789,0.45454545454545453,0.001572786565488493,11,11
0.0,#,0.0,#,0.0,1.0,0.0,1.0,0.0,1.0,#,0.0,0.0,0.0,1,61.0,4791,4791,0.7272727272727273,0.0010452938591925698,0,2
0.0,1.0,1.0,#,0.0,#,0.0,#,0.0,#,0.0,0.0,1.0,1.0,1,79.0,4840,4793,0.6363636363636364,0.001353741227478902,1,1
#,1.0,1.0,#,#,#,0.0,1.0,#,#,0.0,0.0,1.0,1.0,1,47.32,4944,4793,0.45454545454545453,0.0008108738592949575,6,6
0.0,#,1.0,#,#,0.0,#,#,#,#,#,0.0,0.08356049390158359,0.6086956521739131,1,56.065678948878826,4989,4802,0.2727272727272727,0.0009607395068315602,14,23
0.0,#,1.0,#,#,1.0,1.0,#,#,#,#,1.0,0.095367431640625,0.625,1,53.725026316288,4978,4807,0.36363636363636365,0.000920630165465165,10,16
1.0,0.0,0.0,#,#,0.0,1.0,0.0,#,#,#,0.0,1.0,1.0,1,42.5,4993,4809,0.5454545454545454,0.0007282785084538396,2,2
#,1.0,#,#,#,1.0,1.0,#,#,1.0,#,0.0,0.0,0.0,1,61.764799999999994,4816,4816,0.36363636363636365,0.001058399445151758,0,8
1.0,0.0,0.0,1.0,0.0,#,0.0,0.0,#,#,#,0.0,0.1,1.0,1,46.65564461056,4817,4817,0.6363636363636364,0.0007994894886572014,0,0
0.0,0.0,0.0,#,#,#,#,0.0,#,#,#,1.0,0.08825375108068294,0.6153846153846154,1,38.88480256,4941,4819,0.36363636363636365,0.0006663286119980904,8,13
1.0,#,1.0,0.0,0.0,#,#,#,0.0,#,0.0,0.0,1.0,1.0,1,53.5,4820,4820,0.5454545454545454,0.0009167741224065982,2,2
#,0.0,1.0,#,#,1.0,#,#,0.0,#,0.0,0.0,0.5904900000000001,0.9,2,50.776896,4986,4820,0.45454545454545453,0.0017402222156609759,9,10
#,#,0.0,0.0,#,0.0,#,#,#,0.0,#,0.0,0.46266436603796024,0.8571428571428571,1,57.656,4917,4821,0.36363636363636365,0.0009879911925509313,6,7
0.0,#,#,0.0,0.0,0.0,0.0,1.0,#,#,#,0.0,1.0,1.0,1,69.0,4980,4825,0.5454545454545454,0.0011823815784309398,5,5
0.0,1.0,#,#,#,0.0,#,#,1.0,#,1.0,0.0,0.06092699470458736,0.5714285714285714,1,48.904,4933,4825,0.45454545454545453,0.0008380172277041547,4,7
#,1.0,1.0,#,1.0,#,0.0,1.0,#,#,0.0,0.0,1.0,1.0,1,49.0,4855,4830,0.5454545454545454,0.0008396622803350151,1,1
#,0.0,1.0,#,1.0,1.0,#,#,1.0,#,#,1.0,1.0,1.0,1,78.0,4922,4831,0.45454545454545453,0.0013366052625741057,4,4
#,#,1.0,#,#,1.0,1.0,#,#,#,#,1.0,0.07775999999999998,0.6,1,51.802302340834665,4978,4837,0.2727272727272727,0.0008876824349001863,15,25
0.0,#,1.0,#,#,0.0,#,#,1.0,0.0,#,0.0,0.03125,0.5,1,60.5,4933,4838,0.45454545454545453,0.0010367258767401718,1,2
0.0,#,#,0.0,0.0,#,0.0,#,#,#,0.0,0.0,0.46266436603796024,0.8571428571428571,1,64.408,4989,4838,0.45454545454545453,0.0011036932275881154,6,7
0.0,#,#,0.0,#,#,#,#,#,#,0.0,0.0,0.3787874412704941,0.8235294117647058,1,53.5870336466944,4989,4840,0.2727272727272727,0.0009182655279218898,14,17
#,1.0,1.0,#,#,#,#,#,0.0,1.0,0.0,0.0,1.0,1.0,1,44.75,4970,4850,0.45454545454545453,0.0007668344294896311,4,4
0.0,1.0,#,#,#,0.0,0.0,#,#,#,#,1.0,0.0,0.0,1,55.4,4855,4855,0.36363636363636365,0.000949332455725711,0,5
#,0.0,0.0,1.0,#,#,#,1.0,#,#,#,0.0,0.0,0.0,1,60.081920000000004,4858,4858,0.36363636363636365,0.0010295616725327747,0,10
#,0.0,1.0,#,#,1.0,#,0.0,0.0,0.0,0.0,0.0,1.0,1.0,1,45.0,4921,4862,0.6363636363636364,0.0007711184207158302,1,1
#,0.0,0.0,1.0,#,#,#,#,#,#,#,1.0,0.401877572016461,0.8333333333333334,1,50.42427534573568,4997,4864,0.2727272727272727,0.0008640686126743083,15,18
0.0,1.0,1.0,0.0,#,#,0.0,0.0,#,#,#,0.0,1.0,1.0,1,55.5,4989,4867,0.5454545454545454,0.0009510460522161907,2,2
0.0,1.0,#,#,1.0,#,0.0,#,0.0,#,#,0.0,0.03125,0.5,1,45.5,4970,4867,0.45454545454545453,0.0007796864031682283,2,4
#,0.0,1.0,#,#,#,#,#,1.0,#,#,1.0,0.28462802079628785,0.7777777777777778,1,54.290772920238076,4957,4868,0.2727272727272727,0.000930324779415461,14,18
1.0,0.0,1.0,#,#,#,#,1.0,0.0,#,#,1.0,0.0,0.0,1,50.760000000000005,4875,4875,0.45454545454545453,0.0008698215785674565,0,6
1.0,#,1.0,0.0,#,#,#,#,0.0,#,#,0.0,1.0,1.0,1,56.046400000000006,4986,4875,0.36363636363636365,0.0009604091434401714,8,8
#,0.0,1.0,#,0.0,#,0.0,#,#,#,#,1.0,3.0517578125e-05,0.125,1,49.532799999999995,4957,4877,0.36363636363636365,0.0008487923224362905,1,8
1.0,#,0.0,#,#,1.0,#,0.0,#,#,#,0.0,1.0,1.0,1,54.152,4948,4882,0.36363636363636365,0.0009279467715245253,7,7
0.0,0.0,0.0,1.0,#,#,#,#,#,#,#,1.0,1.0,1.0,2,50.274303999999994,4997,4885,0.36363636363636365,0.001722997417914113,10,10
0.0,#,1.0,#,0.0,1.0,0.0,#,1.0,1.0,#,0.0,1.0,1.0,1,28.5,4893,4886,0.6363636363636364,0.0004883749997866925,2,2
0.0,0.0,1.0,#,0.0,1.0,#,#,1.0,#,0.0,0.0,1.0,1.0,2,23.0,4918,4886,0.6363636363636364,0.0007882543856206264,1,1
0.0,#,1.0,#,0.0,#,#,#,1.0,1.0,#,0.0,0.095367431640625,0.625,1,44.0496,4989,4893,0.45454545454545453,0.0007548323996703119,5,8
0.0,1.0,#,#,0.0,1.0,0.0,#,1.0,#,#,0.0,0.03125,0.5,1,54.5,4893,4893,0.5454545454545454,0.0009339100873113944,1,2
0.0,#,1.0,#,0.0,#,#,#,1.0,1.0,#,1.0,0.014458261438686257,0.42857142857142855,1,45.432,4982,4894,0.45454545454545453,0.0007785211575547023,3,7
1.0,1.0,#,#,#,1.0,1.0,#,#,0.0,0.0,0.0,1.0,1.0,1,39.0,4988,4897,0.5454545454545454,0.0006683026312870529,1,1
0.0,0.0,0.0,1.0,#,#,#,#,#,#,0.0,1.0,1.0,1.0,1,47.8,4997,4900,0.45454545454545453,0.0008190991224492596,5,5
0.0,0.0,0.0,0.0,#,#,0.0,#,#,#,0.0,0.0,1.0,1.0,1,48.0,4901,4901,0.5454545454545454,0.0008225263154302189,1,1
0.0,0.0,#,0.0,#,#,#,1.0,#,#,#,0.0,1.0,1.0,1,56.160000000000004,4980,4901,0.36363636363636365,0.0009623557890533562,6,6
#,1.0,1.0,#,#,#,#,#,#,#,1.0,1.0,0.20346349914002398,0.7272727272727273,1,45.784857599999995,4998,4903,0.2727272727272727,0.0007845677130046927,8,11
0.0,#,1.0,#,1.0,#,1.0,#,#,#,#,0.0,0.0,0.0,1,61.80800000000001,4912,4912,0.36363636363636365,0.0010591397188356453,0,7
#,1.0,#,#,#,0.0,#,#,#,0.0,#,0.0,0.401877572016461,0.8333333333333334,1,55.6,4973,4915,0.2727272727272727,0.0009527596487066703,5,6
0.0,#,#,#,0.0,1.0,0.0,#,1.0,#,0.0,0.0,0.1,1.0,1,30.010265088,4918,4918,0.5454545454545454,0.0005142548493315995,0,0
#,#,0.0,#,#,1.0,#,0.0,#,#,0.0,0.0,0.13168724279835387,0.6666666666666666,1,45.0,4948,4920,0.36363636363636365,0.0007711184207158302,4,6
#,#,1.0,0.0,0.0,#,#,#,#,#,#,0.0,0.2373046875,0.75,1,56.54519552000001,4989,4921,0.2727272727272727,0.000968956485965561,9,12
#,0.0,#,#,#,#,0.0,#,1.0,#,#,1.0,0.03125,0.5,1,56.8192,4997,4922,0.2727272727272727,0.0009736518171185978,4,8
0.0,1.0,#,#,#,0.0,#,1.0,#,#,#,0.0,1.0,1.0,1,42.0,4928,4928,0.36363636363636365,0.0007197105260014415,2,2
0.0,1.0,0.0,#,#,0.0,0.0,#,#,0.0,#,0.0,0.1,1.0,1,44.56875905024,4928,4928,0.5454545454545454,0.0007637286909352319,0,0
1.0,#,1.0,1.0,#,#,#,#,#,#,1.0,1.0,0.13168724279835387,0.6666666666666666,1,32.333333333333336,4981,4929,0.36363636363636365,0.0005540628652550781,2,3
#,1.0,1.0,#,1.0,#,#,#,#,0.0,1.0,1.0,1.0,1.0,1,58.0,4998,4929,0.45454545454545453,0.0009938859644781813,1,1
#,1.0,#,#,#,0.0,0.0,#,#,0.0,#,0.0,1.0,1.0,1,52.0,4973,4933,0.36363636363636365,0.0008910701750494038,1,1
0.0,1.0,#,#,#,0.0,#,#,#,0.0,#,1.0,0.03125,0.5,1,56.0,4998,4933,0.36363636363636365,0.0009596140346685888,1,2
1.0,#,#,#,#,#,0.0,0.0,#,0.0,#,0.0,1.0,1.0,1,52.666666666666664,4973,4934,0.36363636363636365,0.0009024941516526013,3,3
#,1.0,0.0,#,#,1.0,#,#,#,#,1.0,1.0,0.2373046875,0.75,1,43.75,4991,4938,0.36363636363636365,0.0007496984645848349,3,4
0.0,0.0,0.0,1.0,#,1.0,#,#,#,0.0,#,0.0,0.0,0.0,1,49.0,4939,4939,0.5454545454545454,0.0008396622803350151,0,2
0.0,#,0.0,1.0,#,1.0,1.0,#,#,#,#,0.0,0.1,1.0,1,65.05148387021833,4939,4939,0.45454545454545453,0.0011147199446049792,0,0
0.0,0.0,0.0,1.0,#,#,0.0,#,#,#,0.0,1.0,1.0,1.0,1,64.0,4997,4941,0.5454545454545454,0.0010967017539069586,1,1
#,#,1.0,1.0,#,#,0.0,#,0.0,#,0.0,0.0,1.0,1.0,1,52.0,4973,4944,0.45454545454545453,0.0008910701750494038,1,1
#,0.0,#,#,0.0,#,1.0,#,0.0,#,#,0.0,1.0,1.0,1,43.0,4953,4945,0.36363636363636365,0.0007368464909062377,2,2
1.0,#,0.0,#,#,1.0,#,#,#,0.0,#,0.0,0.03125,0.5,1,46.75,4988,4947,0.36363636363636365,0.0008011063592992236,2,4
#,#,#,#,#,#,#,#,#,0.0,#,0.0,0.04662947792084618,0.5416666666666666,1,51.60352746479977,4988,4947,0.09090909090909091,0.012489028500031507,13,24
1.0,0.0,#,1.0,1.0,1.0,0.0,0.0,0.0,#,#,0.0,0.1,1.0,1,53.480000000000004,4948,4948,0.7272727272727273,0.0009164314031085023,0,0
1.0,1.0,#,#,#,0.0,#,#,1.0,1.0,0.0,0.0,0.033272936554163045,0.802450117370892,1,40.14079596978124,4950,4950,0.5454545454545454,0.0006878512709887571,0,0
0.0,1.0,0.0,#,0.0,0.0,#,#,#,#,#,1.0,0.1,1.0,1,62.244405665025205,4955,4955,0.45454545454545453,0.0010666179509957715,0,0
1.0,0.0,1.0,0.0,#,#,#,1.0,1.0,#,#,0.0,0.03540925979614258,0.8125,1,56.59250608128,4957,4957,0.5454545454545454,0.0009697671980832812,0,0
#,0.0,#,#,#,#,#,1.0,1.0,1.0,#,1.0,1.0,1.0,1,64.0,4999,4957,0.36363636363636365,0.0010967017539069586,2,2
0.0,#,#,#,#,1.0,1.0,#,#,1.0,#,1.0,1.0,1.0,1,64.0,4965,4963,0.36363636363636365,0.0010967017539069586,2,2
0.0,#,1.0,1.0,1.0,#,1.0,#,#,#,#,1.0,1.0,1.0,1,64.33333333333333,4978,4964,0.45454545454545453,0.0011024137422085572,3,3
#,#,1.0,#,1.0,1.0,1.0,1.0,#,1.0,#,1.0,0.1,1.0,1,61.10377935445128,4965,4965,0.5454545454545454,0.0010470722185682894,0,0
0.0,#,#,0.0,0.0,0.0,#,1.0,#,#,#,0.0,1.0,1.0,1,68.0,4980,4968,0.45454545454545453,0.0011652456135261434,1,1
1.0,1.0,1.0,#,#,1.0,#,#,#,#,#,0.0,0.0,0.0,1,23.0,4974,4974,0.36363636363636365,0.0003941271928103132,0,1
0.0,0.0,#,0.0,#,#,#,1.0,#,#,#,1.0,0.0,0.0,1,68.0,4976,4976,0.36363636363636365,0.0011652456135261434,0,1
0.0,1.0,0.0,#,#,1.0,#,#,0.0,#,#,1.0,0.1,1.0,1,69.21397242289373,4979,4979,0.45454545454545453,0.0011860482023602409,0,0
1.0,#,1.0,1.0,#,1.0,0.0,#,#,#,1.0,1.0,0.1,1.0,1,28.5,4981,4981,0.5454545454545454,0.0004883749997866925,0,0
1.0,1.0,#,#,#,1.0,#,#,#,0.0,#,0.0,0.1,1.0,1,41.64979662462264,4988,4988,0.36363636363636365,0.0007137094532514339,0,0
0.0,1.0,#,0.0,#,#,0.0,0.0,#,#,#,0.0,0.1,1.0,1,55.5,4989,4989,0.45454545454545453,0.0009510460522161907,0,0
0.0,1.0,0.0,#,#,#,#,#,#,#,1.0,1.0,1.0,1.0,1,48.0,4991,4991,0.36363636363636365,0.0008225263154302189,1,1
0.0,1.0,0.0,#,#,1.0,1.0,1.0,#,#,#,1.0,1.0,1.0,1,48.0,4991,4991,0.5454545454545454,0.0008225263154302189,1,1
#,1.0,1.0,0.0,1.0,#,#,#,#,0.0,1.0,1.0,0.1,1.0,1,58.0,4998,4998,0.5454545454545454,0.0009938859644781813,0,0
1.0,0.0,#,#,#,#,#,1.0,#,#,1.0,1.0,0.1,1.0,1,59.09311211936514,4999,4999,0.36363636363636365,0.0010126174953926296,0,0
