Specified Values,Specified Attribute Names,class,Fitness,Accuracy,Numerosity,Avg Match Set Size,TimeStamp GA,Iteration Initialized,Specificity,Deletion Probability,Correct Count,Match Count
"1.0, 1.0, 1.0, 0.0, 0.0","A_0, R_0, R_3, R_6, R_7",0.0,0.2152116443718502,0.7354838709677419,2,67.94148149818871,4957,19,0.45454545454545453,0.0012319041093032516,114,155
"1.0, 1.0, 0.0, 1.0, 0.0, 0.0, 0.0, 0.0","A_1, R_0, R_1, R_3, R_4, R_5, R_6, R_7",0.0,0.07775999999999998,0.6,1,69.69405691053342,4119,23,0.7272727272727273,0.0006318407636164785,12,20
"1.0, 0.0, 0.0, 0.0, 1.0, 0.0","A_0, A_1, R_1, R_3, R_5, R_6",1.0,0.24222785347949022,0.7530864197530864,3,58.457657595667285,4939,66,0.5454545454545454,0.0015899173897377739,61,81
"0.0, 0.0, 0.0, 0.0, 1.0","A_1, R_0, R_1, R_5, R_7",0.0,0.5082881644640274,0.8734177215189873,1,88.76465689631945,4996,77,0.45454545454545453,0.0008047333026906718,138,158
"0.0, 1.0, 1.0, 0.0, 0.0, 0.0, 1.0","A_1, A_2, R_0, R_3, R_4, R_5, R_7",0.0,0.17703971667429347,0.7073170731707317,1,53.98501591171204,4993,92,0.6363636363636364,0.0004894238503189871,29,41
"1.0, 0.0, 1.0, 1.0, 0.0","A_0, A_2, R_0, R_3, R_6",0.0,0.23469696901276463,0.7483443708609272,3,59.165673953013524,4957,105,0.45454545454545453,0.001609173849285804,113,151
"1.0, 0.0, 0.0, 1.0, 0.0, 0.0, 1.0","A_1, R_0, R_1, R_2, R_3, R_4, R_7",1.0,0.14012604492187505,0.675,1,51.81083195655752,4804,111,0.6363636363636364,0.00046971287191761494,27,40
"0.0, 1.0, 0.0, 0.0, 0.0, 0.0","A_0, A_1, R_0, R_3, R_5, R_6",0.0,0.2373046875,0.75,1,63.39180531138688,4754,135,0.5454545454545454,0.0005747050530634301,54,72
"0.0, 0.0, 1.0, 1.0, 0.0, 0.0, 1.0, 1.0","A_1, A_2, R_0, R_2, R_3, R_4, R_5, R_6",1.0,0.023847592523562257,0.47368421052631576,1,58.84672704282624,3436,170,0.7272727272727273,0.0005334997358354415,9,19
"1.0, 0.0, 1.0, 0.0, 0.0, 0.0","A_2, R_1, R_3, R_4, R_5, R_7",0.0,0.23178621541003852,0.7464788732394366,1,71.2125202965798,4981,176,0.5454545454545454,0.0006456070316154102,53,71
"1.0, 1.0, 0.0, 0.0, 0.0","A_2, R_1, R_2, R_3, R_5",0.0,0.0867926285695473,0.6133333333333333,1,59.30248408057283,4956,183,0.45454545454545453,0.0005376315928045809,92,150
"1.0, 0.0, 0.0, 1.0, 0.0","A_0, A_1, R_3, R_5, R_6",1.0,0.27021619173739636,0.7697368421052632,2,74.05521865733883,4995,200,0.45454545454545453,0.0013427574166418295,117,152
"0.0, 1.0, 1.0, 1.0, 0.0","A_1, R_1, R_2, R_5, R_6",1.0,0.2373046875,0.75,1,65.36069658597162,4899,244,0.45454545454545453,0.0005925548643896441,111,148
"0.0, 0.0, 0.0, 0.0","A_0, A_1, R_0, R_6",0.0,0.2293421724933147,0.7448979591836735,1,77.85217338677242,4996,248,0.36363636363636365,0.0007058015971870661,219,294
"0.0, 0.0, 1.0, 0.0","R_1, R_4, R_5, R_7",0.0,0.0818374473574447,0.6061643835616438,1,63.00633494905676,4925,306,0.36363636363636365,0.0005712104094900356,177,292
"1.0, 0.0, 0.0, 0.0, 1.0, 0.0","A_0, A_2, R_1, R_3, R_6, R_7",1.0,0.23178621541003852,0.7464788732394366,1,69.08636597296922,4730,332,0.5454545454545454,0.0006263314860244698,53,71
"1.0, 0.0, 1.0, 1.0","A_0, A_2, R_1, R_4",1.0,0.23328266737586376,0.7474402730375427,1,68.57472092083785,4989,346,0.36363636363636365,0.0006216929527725704,219,293
"1.0, 0.0","A_1, R_7",0.0,0.09221199418286115,0.6208082545141874,1,68.87303092211673,4984,384,0.18181818181818182,0.000637708514990145,722,1163
"0.0, 0.0, 0.0, 1.0, 0.0","A_0, A_2, R_0, R_4, R_6",0.0,0.2516652922734306,0.7588652482269503,1,58.26552088286475,4906,432,0.45454545454545453,0.0005282305671256893,107,141
"1.0, 1.0, 1.0, 1.0","R_0, R_2, R_4, R_7",1.0,0.2345128987424522,0.74822695035461,1,69.62788281599947,4989,447,0.36363636363636365,0.0006312408345511404,211,282
"0.0, 0.0, 1.0, 1.0, 0.0, 0.0","A_2, R_1, R_2, R_4, R_5, R_6",1.0,0.11415565093531174,0.647887323943662,1,53.892412670043825,4960,447,0.5454545454545454,0.0004885843167127843,46,71
"1.0, 1.0, 1.0, 1.0","A_0, A_1, R_1, R_7",1.0,0.23447292177300055,0.7482014388489209,1,72.00839253092323,4989,449,0.36363636363636365,0.0006528223458413311,208,278
"0.0, 0.0, 0.0","A_0, A_2, R_0",0.0,0.2393899531238845,0.7513134851138353,1,80.90902282320107,4996,467,0.2727272727272727,0.0007335147504714714,429,571
"1.0, 1.0, 1.0, 0.0, 1.0","A_0, A_1, R_1, R_3, R_7",1.0,0.22301350200402018,0.7407407407407407,1,67.59422120659563,4989,493,0.45454545454545453,0.0006128038205332487,100,135
"1.0, 1.0, 0.0, 1.0","A_0, R_1, R_3, R_6",1.0,0.09091180653955425,0.6190476190476191,1,72.69416489315527,4989,511,0.36363636363636365,0.000659039503404364,169,273
"1.0, 0.0, 1.0","A_0, A_2, R_4",1.0,0.2373046875,0.75,1,71.00038974057347,4989,545,0.2727272727272727,0.0006618165967966298,426,568
"0.0, 0.0, 0.0, 0.0, 1.0","A_0, A_1, R_1, R_4, R_5",0.0,0.2495343537242618,0.7575757575757576,1,71.59916067098098,4929,551,0.45454545454545453,0.0006491122824249622,100,132
"0.0, 0.0, 1.0","A_0, A_1, R_1",1.0,0.22965034521487823,0.7450980392156863,2,63.73751537375691,4997,555,0.2727272727272727,0.0011556784658545247,418,561
"0.0, 1.0","A_1, R_5",1.0,0.09950863237139197,0.6303360581289736,1,74.9256371276832,4995,560,0.18181818181818182,0.0006792698527792474,694,1101
"1.0, 0.0, 0.0, 0.0","A_0, A_2, R_5, R_6",0.0,0.22889048937907155,0.7446043165467626,1,74.31485734737211,4998,576,0.36363636363636365,0.0006737325719851523,207,278
"0.0, 1.0","A_1, R_4",1.0,0.09205461816047494,0.6205962059620597,1,67.4892489021343,4995,595,0.18181818181818182,0.0006118521499898828,687,1107
"0.0, 1.0, 1.0, 1.0","A_2, R_1, R_2, R_4",1.0,0.2315451397665696,0.7463235294117647,1,69.22578190785595,4989,627,0.36363636363636365,0.000627595419775266,203,272
"1.0, 0.0, 1.0, 1.0, 1.0","A_0, A_2, R_1, R_3, R_6",1.0,0.2373046875,0.75,1,69.0551767627126,4985,645,0.45454545454545453,0.0006260487271308323,102,136
"0.0, 0.0, 0.0, 0.0, 0.0","A_0, R_1, R_2, R_4, R_7",0.0,0.2255592918474078,0.7424242424242424,1,74.44118475524408,4871,660,0.45454545454545453,0.000674877846193511,98,132
"1.0, 0.0, 0.0","A_1, R_6, R_7",0.0,0.23949787671792244,0.7513812154696132,1,81.3657074364305,4984,664,0.2727272727272727,0.0007376550167659876,408,543
"0.0, 0.0, 0.0, 0.0","A_0, A_1, A_2, R_0",0.0,1.0,1.0,13,85.41698329084677,4996,693,0.36363636363636365,0.010066986288782396,270,270
"1.0, 1.0, 0.0, 0.0","A_0, A_1, R_4, R_7",0.0,0.24636108264376066,0.7556390977443609,1,79.69180208707134,4981,694,0.36363636363636365,0.0007224795243202186,201,266
"0.0, 0.0, 1.0, 1.0, 0.0","A_0, A_1, R_1, R_4, R_7",1.0,0.2402933738360162,0.7518796992481203,1,60.15348210340072,4882,707,0.45454545454545453,0.0005453466730340176,100,133
"0.0, 1.0, 1.0, 1.0","A_0, A_1, A_2, R_3",1.0,1.0,1.0,11,58.30794868096187,4976,736,0.36363636363636365,0.005814767355767661,271,271
"1.0, 0.0, 1.0","A_0, A_1, R_4",1.0,0.22993555425225484,0.7452830188679245,3,66.89342924780627,4995,744,0.2727272727272727,0.0018193514895157778,395,530
"0.0, 0.0, 0.0, 0.0, 1.0, 1.0","A_1, R_1, R_2, R_3, R_4, R_5",1.0,0.0998510187910895,0.6307692307692307,1,60.22808203848814,4850,754,0.5454545454545454,0.0005460229900980663,41,65
"1.0, 0.0, 0.0, 0.0","A_1, R_2, R_3, R_7",0.0,0.5254727937628922,0.879245283018868,1,94.50753700761486,4984,767,0.36363636363636365,0.0008567977959305588,233,265
"1.0, 1.0, 0.0, 0.0, 0.0","A_0, A_1, R_3, R_4, R_7",0.0,0.2402933738360162,0.7518796992481203,1,88.250416314948,4972,783,0.45454545454545453,0.0008000712385776095,100,133
"0.0, 0.0, 0.0, 0.0, 0.0, 1.0","A_1, R_0, R_4, R_5, R_6, R_7",0.0,0.5241073981293608,0.8787878787878788,1,91.26608846452098,4996,793,0.5454545454545454,0.0008274110818622261,58,66
"0.0, 0.0, 1.0, 0.0","A_0, A_1, R_1, R_2",1.0,0.2403392348508143,0.7519083969465649,2,69.08116175151996,4997,815,0.36363636363636365,0.001252568609935431,197,262
"1.0, 0.0, 0.0, 0.0","A_0, R_1, R_4, R_7",0.0,0.24345215148144456,0.7538461538461538,1,73.76186162187858,4981,829,0.36363636363636365,0.0006687191568252196,196,260
"0.0, 0.0, 0.0, 0.0","A_0, R_0, R_1, R_2",0.0,0.49765314072066963,0.8697318007662835,1,81.22012844250155,4996,833,0.36363636363636365,0.0007363352092132623,227,261
"1.0, 0.0, 0.0, 0.0","A_0, R_3, R_4, R_7",0.0,0.2403392348508143,0.7519083969465649,1,82.74029220540376,4975,836,0.36363636363636365,0.0007501168926932072,197,262
"0.0, 1.0, 1.0, 1.0","A_0, A_1, R_3, R_6",1.0,0.2373046875,0.75,1,60.3405237089446,4864,840,0.36363636363636365,0.0005470423773180516,195,260
"0.0, 1.0, 1.0, 1.0","A_0, A_1, R_2, R_3",1.0,1.0,1.0,9,63.57216930857358,4960,840,0.36363636363636365,0.00518706196814221,259,259
"1.0, 1.0, 0.0, 1.0, 0.0, 0.0, 0.0","A_0, A_1, R_1, R_2, R_4, R_5, R_7",0.0,0.2373046875,0.75,1,71.19779106772513,4981,885,0.6363636363636364,0.0006454734976008965,24,32
"1.0, 0.0, 0.0, 0.0, 1.0, 0.0, 0.0","A_0, A_1, R_0, R_1, R_2, R_5, R_6",0.0,0.2373046875,0.75,1,70.33391376877267,4991,895,0.6363636363636364,0.0006376416548809103,24,32
"1.0, 1.0, 0.0, 1.0, 1.0, 1.0","A_0, A_2, R_0, R_1, R_3, R_5",1.0,0.231092867969897,0.746031746031746,1,76.78846561075024,4920,929,0.5454545454545454,0.000696158107293381,47,63
"1.0, 1.0, 1.0, 1.0, 1.0","A_1, A_2, R_0, R_1, R_7",1.0,0.2342067575938101,0.7480314960629921,1,61.42941931241883,4857,953,0.45454545454545453,0.0005569142180473261,95,127
"1.0, 0.0, 1.0, 1.0, 1.0, 0.0","A_0, A_1, R_0, R_1, R_4, R_6",1.0,0.22481780895283973,0.7419354838709677,1,71.32814095916127,4995,956,0.5454545454545454,0.0006466552393245568,46,62
"0.0, 1.0, 1.0, 1.0","A_0, A_2, R_1, R_3",1.0,1.0,1.0,11,60.340855359945316,4945,960,0.36363636363636365,0.0060174992244354155,253,253
"0.0, 1.0, 0.0, 0.0","A_0, A_1, R_3, R_7",0.0,0.23887208421077794,0.7509881422924901,1,60.60145804280582,4962,965,0.36363636363636365,0.0005494079871859384,190,253
"1.0, 1.0, 0.0, 1.0, 1.0","A_0, R_0, R_3, R_6, R_7",1.0,0.2606836005385606,0.7642276422764228,1,75.08499583780173,4989,984,0.45454545454545453,0.0006807145861403642,94,123
"0.0, 0.0, 0.0","R_3, R_4, R_7",0.0,0.15814745877694783,0.6915322580645161,1,77.52217039049793,4975,1024,0.2727272727272727,0.0007028098163322156,343,496
"1.0, 0.0, 0.0, 0.0, 1.0","A_0, R_0, R_4, R_6, R_7",0.0,0.09006216945249539,0.6178861788617886,1,62.70055367400041,4773,1078,0.45454545454545453,0.0005684382208286804,76,123
"0.0, 0.0, 0.0","A_0, R_0, R_1",0.0,0.2301431040620422,0.745417515274949,1,73.1159909600453,4996,1080,0.2727272727272727,0.0006628637448968526,366,491
"1.0, 1.0, 1.0, 0.0, 0.0, 1.0, 0.0","A_0, A_1, R_0, R_1, R_3, R_4, R_7",0.0,0.1991161489782947,0.7241379310344828,1,75.10635994047311,4984,1090,0.6363636363636364,0.0006809082713919374,21,29
"0.0, 0.0, 0.0","A_1, R_0, R_1",0.0,0.23893676310247342,0.7510288065843621,1,84.30262290730941,4996,1104,0.2727272727272727,0.0007642808582804127,365,486
"1.0, 0.0, 0.0","A_1, R_3, R_7",0.0,0.24056431840564832,0.7520491803278688,2,85.66023264166199,4984,1105,0.2727272727272727,0.0015531776797941797,367,488
"0.0, 0.0","R_3, R_6",0.0,0.09796204063905,0.6283643892339544,1,81.80208162611451,4993,1127,0.18181818181818182,0.0007416111503798826,607,966
"1.0, 1.0, 1.0, 1.0","A_0, A_1, A_2, R_7",1.0,1.0,1.0,14,70.15564663128522,4959,1129,0.36363636363636365,0.008904356989146284,242,242
"1.0, 1.0, 1.0, 1.0","A_0, R_5, R_6, R_7",1.0,0.546203833165425,0.8860759493670886,1,79.87539518584151,4907,1129,0.36363636363636365,0.0007241439647167731,210,237
"0.0, 1.0, 1.0","A_1, R_0, R_1",1.0,0.22765945697524415,0.743801652892562,1,69.59298626154515,4997,1134,0.2727272727272727,0.0006309244651705731,360,484
"1.0, 1.0, 0.0, 0.0","A_1, R_0, R_3, R_4",0.0,0.09944238001585406,0.6302521008403361,1,70.89080008331516,4925,1162,0.36363636363636365,0.000642690341810985,150,238
"1.0, 0.0, 1.0, 1.0, 1.0, 1.0","A_0, A_2, R_0, R_3, R_5, R_6",1.0,0.21848085858476907,0.7377049180327869,1,74.18849934061257,4787,1176,0.5454545454545454,0.0006725870203697184,45,61
"0.0, 1.0, 0.0, 0.0","A_0, A_1, R_2, R_3",0.0,1.0,1.0,11,68.76955152636408,4946,1192,0.36363636363636365,0.00685805198660416,242,242
"1.0, 1.0, 1.0, 1.0, 1.0","A_0, A_2, R_1, R_3, R_5",1.0,0.2012227335676775,0.7256637168141593,1,70.54459946688517,4986,1260,0.45454545454545453,0.0006395517146231543,82,113
"1.0, 1.0, 1.0, 1.0","A_0, A_2, R_5, R_7",1.0,1.0,1.0,13,79.20504168700329,4995,1266,0.36363636363636365,0.009334865713420066,230,230
"1.0, 1.0, 0.0","A_0, A_2, R_5",0.0,0.24414299142149223,0.7542735042735043,3,70.34899531818719,4993,1280,0.2727272727272727,0.0019133351490165933,353,468
"0.0, 1.0, 0.0","A_0, A_1, R_3",0.0,0.24073388911207239,0.7521551724137931,2,59.97692705795134,4962,1283,0.2727272727272727,0.001087492078135526,349,464
"0.0, 0.0, 0.0, 0.0, 0.0","A_0, R_0, R_1, R_2, R_3",0.0,1.0,1.0,1,88.62807367749376,4946,1294,0.45454545454545453,0.0008034950501178476,113,113
"0.0, 0.0, 1.0, 1.0, 0.0, 0.0","A_1, R_1, R_2, R_3, R_4, R_7",0.0,0.18593443208187066,0.7142857142857143,1,55.286687202033946,4617,1306,0.5454545454545454,0.0005012246984617551,40,56
"1.0, 1.0, 1.0, 0.0, 1.0, 1.0, 1.0","A_0, R_0, R_1, R_3, R_5, R_6, R_7",1.0,0.47611301541420215,0.8620689655172413,1,81.60671703624232,4873,1313,0.6363636363636364,0.0007398399905834751,25,29
"1.0, 1.0, 1.0, 1.0","A_1, A_2, R_0, R_7",1.0,0.22397642588184608,0.7413793103448276,1,68.97242185938387,4959,1331,0.36363636363636365,0.0006252984777748599,172,232
"0.0, 1.0, 0.0, 1.0, 0.0","A_2, R_0, R_1, R_5, R_7",1.0,0.08331209784111365,0.6083333333333333,1,74.61539095420942,4939,1342,0.45454545454545453,0.0006764571857048022,73,120
"0.0, 1.0, 1.0","A_2, R_4, R_6",1.0,0.25238664677241474,0.7592997811816192,1,67.89151285550398,4989,1364,0.2727272727272727,0.0006265855593142387,347,457
"0.0, 0.0","R_2, R_4",0.0,0.09390924151546085,0.6230769230769231,1,73.9883705741019,4996,1368,0.18181818181818182,0.000670772668927729,567,910
"0.0, 0.0, 0.0, 0.0","A_0, R_1, R_2, R_3",0.0,0.4999573588701094,0.8705357142857143,2,82.5123722027216,4946,1382,0.36363636363636365,0.001496101176239467,195,224
"0.0, 1.0, 0.0, 1.0","A_0, A_2, R_2, R_3",1.0,0.2408892855082417,0.7522522522522522,1,58.9977508258897,4976,1385,0.36363636363636365,0.0005348689054123763,167,222
"1.0, 1.0, 1.0, 1.0, 0.0","A_0, A_1, R_2, R_3, R_7",0.0,0.23388536880647912,0.7478260869565218,1,61.48423348284484,4981,1401,0.45454545454545453,0.0005574111589463676,86,115
"1.0, 0.0, 1.0, 1.0","A_0, A_2, R_4, R_6",1.0,1.0,1.0,8,72.24431772967809,4989,1409,0.36363636363636365,0.005407306294148005,226,226
"1.0, 1.0, 1.0, 1.0, 1.0, 1.0","A_0, A_2, R_0, R_1, R_2, R_5",1.0,0.26150027784488145,0.7647058823529411,1,69.75831694284457,4986,1425,0.5454545454545454,0.0006324233399463027,39,51
"1.0, 1.0, 0.0, 0.0","A_1, A_2, R_3, R_7",0.0,1.0,1.0,12,85.34213876102282,4972,1432,0.36363636363636365,0.009284460313621666,222,222
"1.0, 1.0, 1.0, 0.0","A_2, R_0, R_1, R_6",1.0,0.10533843631276776,0.6375545851528385,1,69.26508373773054,4995,1439,0.36363636363636365,0.0006279517270315843,146,229
"1.0, 0.0, 0.0, 1.0","A_0, A_1, A_2, R_4",1.0,1.0,1.0,13,61.54893469561908,4964,1471,0.36363636363636365,0.0072539705547802645,223,223
"1.0, 0.0, 1.0, 0.0","A_0, A_1, R_2, R_4",0.0,0.23032562805007994,0.7455357142857143,1,61.01578434986412,4975,1480,0.36363636363636365,0.0005531642364537085,167,224
"0.0, 1.0, 0.0, 0.0, 0.0, 1.0","A_1, R_2, R_3, R_4, R_5, R_7",0.0,0.21574646429773925,0.7358490566037735,1,64.26060440949846,4955,1498,0.5454545454545454,0.000582581516422204,39,53
"1.0, 1.0, 1.0, 1.0, 1.0, 1.0, 1.0, 1.0","A_0, A_1, A_2, R_0, R_1, R_2, R_3, R_5",1.0,0.019403791345598595,0.45454545454545453,1,63.5133056,3829,1510,0.7272727272727273,0.0005758065649934284,5,11
"0.0, 0.0, 0.0, 0.0, 0.0, 0.0, 1.0","A_0, A_1, R_0, R_4, R_5, R_6, R_7",0.0,0.25126003423796484,0.7586206896551724,1,92.10458777665863,4996,1516,0.6363636363636364,0.0008350128497770004,22,29
"0.0, 0.0, 0.0, 0.0, 0.0","A_0, A_1, R_0, R_4, R_6",0.0,0.24486155808474971,0.7547169811320755,1,85.60221826211327,4996,1528,0.45454545454545453,0.0007760628861572773,80,106
"1.0, 1.0, 1.0","R_0, R_4, R_6",1.0,0.15841343157045928,0.691764705882353,1,68.5343370662112,4989,1567,0.2727272727272727,0.0006213268359661139,294,425
"1.0, 1.0, 0.0, 1.0, 0.0","A_2, R_1, R_3, R_5, R_6",1.0,0.09449570594359401,0.6238532110091743,1,72.06570578738216,4995,1626,0.45454545454545453,0.0006533419432551083,68,109
"1.0, 0.0, 0.0, 1.0","A_0, A_1, R_4, R_7",0.0,0.21391745069726534,0.7345971563981043,1,60.296249286067905,4993,1645,0.36363636363636365,0.0005466409889300143,155,211
"1.0, 0.0, 0.0, 0.0","A_2, R_3, R_5, R_7",0.0,0.46082255163388747,0.8564593301435407,1,82.04309935219885,4972,1677,0.36363636363636365,0.0007437961978695089,179,209
"1.0, 1.0, 0.0","A_2, R_2, R_3",0.0,0.0865434589579313,0.6129807692307693,1,72.2320964861359,4972,1677,0.2727272727272727,0.0006548504280645693,255,416
"0.0, 1.0, 1.0, 0.0, 1.0","A_2, R_0, R_4, R_5, R_6",1.0,0.5277319168,0.88,1,69.53164112733296,4989,1680,0.45454545454545453,0.0006303683150745248,88,100
"0.0, 0.0, 1.0","A_0, A_2, R_0",1.0,0.24631523778873052,0.7556109725685786,4,61.88898874181199,4997,1681,0.2727272727272727,0.002244322551420767,303,401
"0.0, 0.0, 1.0","A_1, A_2, R_4",1.0,0.22589796940175608,0.7426470588235294,2,59.20527742411555,4983,1694,0.2727272727272727,0.001073500650013812,303,408
"0.0, 1.0, 1.0, 1.0","A_0, A_1, R_3, R_4",1.0,0.23536276106000156,0.7487684729064039,1,57.64768256374271,4960,1701,0.36363636363636365,0.0005226292941814738,152,203
"0.0, 0.0, 1.0, 1.0, 0.0","A_0, A_2, R_0, R_6, R_7",1.0,0.24141020746326297,0.7525773195876289,1,69.46375256724052,4835,1750,0.45454545454545453,0.0006297528428011186,73,97
"0.0, 1.0, 1.0","A_1, R_1, R_5",1.0,0.2154706971397144,0.7356608478802993,3,76.21131509458742,4995,1758,0.2727272727272727,0.0020727771201809186,295,401
"1.0, 0.0, 0.0, 0.0","A_0, R_4, R_5, R_7",0.0,0.5007552478855615,0.8708133971291866,1,77.03108431383698,4981,1761,0.36363636363636365,0.0006983576691128739,182,209
"1.0, 1.0, 1.0, 1.0","A_0, A_1, R_5, R_7",1.0,0.25998755372755034,0.7638190954773869,1,74.05302101910563,4959,1781,0.36363636363636365,0.0006713587847078984,152,199
"0.0, 0.0, 0.0, 1.0","A_0, R_0, R_3, R_6",0.0,0.22790396286717693,0.7439613526570048,1,75.90612545076657,4946,1797,0.36363636363636365,0.000688158881747231,154,207
"1.0, 0.0, 0.0","A_1, R_3, R_6",0.0,0.2518462683138921,0.7589743589743589,1,82.03268338875675,4984,1802,0.2727272727272727,0.000743701767575352,296,390
"0.0, 0.0, 1.0, 0.0","A_0, A_2, R_0, R_3",1.0,0.2454868426366091,0.7551020408163265,1,64.75598984682077,4997,1811,0.36363636363636365,0.0005870726413025366,148,196
"1.0, 1.0, 1.0","A_1, A_2, R_3",1.0,0.22665194865202687,0.743142144638404,2,58.333235694899905,4976,1817,0.2727272727272727,0.0010576889284261205,298,401
"0.0, 0.0, 0.0, 0.0, 1.0","A_0, R_0, R_1, R_2, R_3",0.0,0.21113086633080902,0.7326732673267327,1,78.94568966679198,4996,1836,0.45454545454545453,0.0007157153286015187,74,101
"0.0, 1.0, 1.0","A_1, R_5, R_6",1.0,0.08927182906089064,0.6167979002624672,1,71.7626791089655,4986,1847,0.2727272727272727,0.0006505947275472793,235,381
"1.0, 0.0, 0.0, 0.0, 0.0","A_2, R_2, R_3, R_5, R_7",0.0,0.4779830563763579,0.8627450980392157,1,83.07634492185052,4956,1855,0.45454545454545453,0.0007531635198288277,88,102
"1.0, 1.0, 0.0, 1.0, 1.0","A_0, A_1, R_2, R_4, R_7",1.0,0.2593444752878952,0.7634408602150538,1,70.2230938709301,4920,1858,0.45454545454545453,0.0006366369705221473,71,93
"0.0, 0.0, 0.0, 1.0","A_1, R_0, R_1, R_3",0.0,0.2373046875,0.75,1,79.39425556026899,4996,1879,0.36363636363636365,0.0007197819912300217,144,192
"0.0, 1.0, 1.0","A_0, A_2, R_3",1.0,0.2548105928000731,0.760752688172043,4,57.969119686727524,4976,1918,0.2727272727272727,0.0021021736700479656,283,372
"1.0, 1.0, 1.0, 1.0, 0.0, 0.0","A_0, A_1, R_3, R_4, R_5, R_6",0.0,0.22190066239999998,0.74,1,66.41589484763784,4998,1926,0.5454545454545454,0.0006021212077045961,37,50
"0.0, 1.0, 1.0, 0.0","A_0, A_1, R_3, R_7",1.0,0.2233025293135807,0.7409326424870466,1,56.94889763282828,4976,1935,0.36363636363636365,0.0005162941657081887,143,193
"1.0, 0.0, 0.0, 1.0, 1.0, 0.0","A_0, A_2, R_0, R_1, R_5, R_6",0.0,0.27214629954271363,0.7708333333333334,1,73.68510952725222,4820,1936,0.5454545454545454,0.000668023328454371,37,48
"1.0, 0.0, 0.0, 1.0, 1.0, 1.0, 1.0, 1.0, 1.0","A_1, A_2, R_0, R_1, R_2, R_3, R_4, R_5, R_6",1.0,1.0,1.0,1,72.88,4794,1942,0.8181818181818182,0.000660724269667379,6,6
"1.0, 0.0, 1.0, 1.0","A_0, R_2, R_4, R_7",1.0,0.23096001016728832,0.745945945945946,1,73.8168717996106,4995,1947,0.36363636363636365,0.0006692178747108708,138,185
"0.0, 1.0, 0.0, 0.0","A_0, A_1, R_3, R_5",0.0,0.22507515531891087,0.7421052631578947,1,61.507234211994174,4946,1981,0.36363636363636365,0.0005576196817231103,141,190
"0.0, 0.0, 0.0, 1.0","A_0, R_1, R_3, R_7",0.0,0.2394502855336046,0.7513513513513513,2,81.52857198836236,4955,1981,0.36363636363636365,0.0014782630676189643,139,185
"1.0, 0.0, 0.0, 0.0","A_1, A_2, R_2, R_6",0.0,1.0,1.0,11,80.90549621458115,4998,2014,0.36363636363636365,0.008068310563707689,190,190
"0.0, 1.0, 1.0","A_0, R_0, R_4",1.0,0.0972521051799771,0.6274509803921569,1,64.0292831127389,4983,2062,0.2727272727272727,0.0005804843759877917,224,357
"1.0, 1.0, 1.0","R_0, R_2, R_7",1.0,0.15186706866988384,0.6859504132231405,1,66.93214512382491,4989,2062,0.2727272727272727,0.0006068014915506345,249,363
"1.0, 0.0, 0.0","A_2, R_3, R_7",0.0,0.21867775912946533,0.7378378378378379,1,81.65928107980568,4972,2080,0.2727272727272727,0.0007403165320117706,273,370
"1.0, 1.0, 0.0, 0.0, 1.0","A_1, A_2, R_0, R_1, R_3",1.0,0.23279332323579968,0.7471264367816092,1,60.46398460245773,4976,2090,0.45454545454545453,0.0005481616639357648,65,87
"0.0, 1.0, 1.0, 1.0","A_2, R_2, R_4, R_6",1.0,0.4910270163488483,0.8674033149171271,2,76.51070671616266,4989,2108,0.36363636363636365,0.0013872799345985623,157,181
"1.0, 1.0, 1.0, 0.0","A_0, A_2, R_2, R_7",0.0,0.21635505760422732,0.7362637362637363,1,70.92895596612158,4991,2109,0.36363636363636365,0.0006430362600025435,134,182
"0.0, 0.0, 0.0, 0.0","A_0, A_1, R_1, R_6",0.0,0.24432505180968345,0.7543859649122807,1,87.61487341368353,4996,2121,0.36363636363636365,0.0007943094573031822,129,171
"1.0, 0.0, 1.0, 0.0","A_1, A_2, R_3, R_6",0.0,0.24178200811271477,0.7528089887640449,1,60.66024349525026,4998,2127,0.36363636363636365,0.00054994093141115,134,178
"0.0, 0.0, 1.0, 0.0, 1.0, 0.0","A_0, A_1, R_0, R_3, R_4, R_5",1.0,0.16291487262254356,0.6956521739130435,1,58.928051664313955,4882,2147,0.5454545454545454,0.000534237018370272,32,46
"1.0, 0.0, 0.0, 0.0, 1.0, 0.0","A_1, R_1, R_2, R_3, R_4, R_7",0.0,0.5549289573066435,0.8888888888888888,1,95.06312350018982,4984,2155,0.5454545454545454,0.0008618346987783038,40,45
"1.0, 1.0, 1.0","A_0, A_1, R_7",1.0,0.2558354088543162,0.7613636363636364,2,70.49872457596983,4989,2167,0.2727272727272727,0.001278271633038951,268,352
"0.0, 1.0, 1.0","A_0, R_1, R_3",1.0,0.2082446090427151,0.7306590257879656,3,61.91008644611816,4945,2182,0.2727272727272727,0.001683815723881273,255,349
"1.0, 0.0, 1.0, 0.0, 0.0, 0.0, 0.0","A_0, A_1, A_2, R_2, R_3, R_4, R_5",1.0,0.0,0.0,1,72.39231265220225,2198,2198,0.6363636363636364,0.040253035147291324,0,22
"0.0, 0.0, 0.0, 0.0","A_0, A_1, R_0, R_5",0.0,0.2395476270037328,0.751412429378531,1,82.58111350693754,4996,2199,0.36363636363636365,0.0007486737913033788,133,177
"0.0, 1.0, 0.0, 0.0","A_0, A_2, R_3, R_7",0.0,0.20204662792108766,0.7262569832402235,1,66.79219454041602,4962,2201,0.36363636363636365,0.0006055327107189611,130,179
"0.0, 1.0, 0.0, 0.0, 1.0","A_1, A_2, R_1, R_2, R_4",0.0,0.2567458542283846,0.7619047619047619,1,68.42008215466191,4898,2214,0.45454545454545453,0.0006202910100469412,64,84
"0.0, 0.0, 0.0","A_1, R_4, R_5",0.0,0.2373046875,0.75,1,76.67236492107044,4996,2215,0.2727272727272727,0.000695105547696831,255,340
"0.0, 1.0, 1.0, 1.0, 1.0","A_1, R_0, R_1, R_3, R_4",1.0,0.4387716479420954,0.8481012658227848,1,70.00558799296354,4964,2216,0.45454545454545453,0.0006346650795730829,67,79
"0.0, 1.0, 1.0, 1.0, 0.0","A_0, A_1, R_3, R_4, R_5",1.0,0.251948794883252,0.7590361445783133,1,63.756334350762835,4960,2217,0.45454545454545453,0.0005780098442724617,63,83
"1.0, 1.0, 1.0, 1.0, 0.0, 1.0, 0.0","A_0, A_1, R_0, R_1, R_4, R_5, R_6",0.0,0.16806999999999994,0.7,1,71.05198531541073,4764,2236,0.6363636363636364,0.000644151634274727,14,20
"0.0, 1.0, 1.0, 1.0","A_1, A_2, R_1, R_5",1.0,1.0,1.0,11,77.21420346420993,4995,2241,0.36363636363636365,0.007700195940041489,174,174
"0.0, 1.0, 1.0, 0.0","A_1, R_2, R_5, R_7",1.0,0.10737418240000002,0.64,1,61.264575776873656,4986,2248,0.36363636363636365,0.000555419759696167,112,175
"1.0, 1.0, 0.0, 0.0, 1.0","A_0, A_1, R_1, R_2, R_7",1.0,0.24199435836144062,0.7529411764705882,1,68.27569486658986,4908,2267,0.45454545454545453,0.0006189820064045062,64,85
"1.0, 0.0, 0.0, 1.0, 1.0, 0.0","A_0, A_1, R_2, R_3, R_5, R_6",1.0,0.22824833264848604,0.7441860465116279,2,63.88045385893251,4967,2285,0.5454545454545454,0.0011582702036762869,32,43
"1.0, 0.0, 0.0","A_1, A_2, R_2",0.0,0.22710688573847357,0.7434402332361516,3,70.89194978544478,4998,2304,0.2727272727272727,0.001981763135435418,255,343
"0.0, 0.0, 0.0, 0.0","A_1, A_2, R_0, R_4",0.0,1.0,1.0,15,89.89500380919512,4996,2305,0.36363636363636365,0.012224714065294328,167,167
"0.0, 1.0, 0.0, 1.0, 0.0","A_1, A_2, R_3, R_5, R_6",1.0,0.2774408158555733,0.7738095238095238,2,74.1916453222619,4995,2332,0.45454545454545453,0.001345231083177078,65,84
"0.0, 1.0, 1.0","A_1, A_2, R_5",1.0,0.2584574871909902,0.7629179331306991,3,73.81552496340619,4995,2364,0.2727272727272727,0.0020076169932036533,251,329
"1.0, 0.0, 0.0","A_1, R_2, R_6",0.0,0.2458929079561798,0.7553516819571865,2,75.01817909177684,4998,2367,0.2727272727272727,0.0013602176616956888,247,327
"1.0, 0.0, 0.0, 1.0, 0.0","A_2, R_0, R_3, R_4, R_7",0.0,0.1991161489782947,0.7241379310344828,2,79.70250378048077,4962,2381,0.45454545454545453,0.0014451530900389594,63,87
"1.0, 0.0, 0.0, 0.0, 1.0","A_0, A_2, R_1, R_3, R_4",1.0,0.24178200811271477,0.7528089887640449,1,80.16336311578321,4939,2397,0.45454545454545453,0.0007267546590114816,67,89
"0.0, 0.0, 0.0, 0.0, 0.0","A_0, R_0, R_2, R_3, R_7",0.0,0.5262884496213611,0.8795180722891566,1,78.35382689517695,4871,2418,0.45454545454545453,0.0007103495479001102,73,83
"1.0, 1.0, 1.0","A_0, A_2, R_5",1.0,0.2458929079561798,0.7553516819571865,1,76.81291678293272,4995,2445,0.2727272727272727,0.0006963797796710262,247,327
"1.0, 0.0, 1.0, 0.0, 0.0, 1.0","A_0, A_2, R_3, R_5, R_6, R_7",0.0,0.1590361251087416,0.6923076923076923,1,57.849681885580004,4998,2472,0.5454545454545454,0.0005244606039289251,27,39
"0.0, 0.0, 1.0, 1.0, 0.0","A_1, R_1, R_2, R_3, R_7",0.0,0.07431984303981963,0.5945945945945946,1,58.75957880790419,4991,2482,0.45454545454545453,0.0005327096568855009,44,74
"0.0, 1.0, 0.0, 1.0, 1.0, 0.0","A_0, R_0, R_1, R_2, R_3, R_4",1.0,0.3066820026178275,0.7894736842105263,2,67.51022467583411,4905,2491,0.5454545454545454,0.0012240846293639178,30,38
"1.0, 0.0, 0.0, 0.0","A_0, A_1, R_4, R_5",0.0,1.0,1.0,9,71.0988768537259,4993,2502,0.36363636363636365,0.0058011907430041264,155,155
"1.0, 1.0, 1.0, 1.0","A_0, A_1, R_6, R_7",1.0,1.0,1.0,11,77.5460737395558,4989,2516,0.36363636363636365,0.007733291744079967,156,156
"1.0, 0.0, 1.0, 1.0","A_1, R_0, R_3, R_7",1.0,0.23221250186065348,0.7467532467532467,2,67.57717778359404,4960,2516,0.36363636363636365,0.0012252986124381944,115,154
"1.0, 0.0, 1.0, 0.0, 0.0","A_0, A_2, R_2, R_4, R_7",0.0,0.2588642078729486,0.7631578947368421,1,75.3708011320265,4975,2536,0.45454545454545453,0.0006833056741520785,58,76
"1.0, 0.0, 0.0, 1.0, 0.0","A_0, A_2, R_1, R_6, R_7",1.0,0.22149019143884427,0.7397260273972602,1,68.43704397024456,4904,2537,0.45454545454545453,0.0006327677363066885,54,73
"1.0, 0.0, 1.0, 1.0","A_0, A_1, A_2, R_5",1.0,1.0,1.0,12,71.30859084719732,4995,2543,0.36363636363636365,0.007757735994817411,159,159
"0.0, 1.0, 1.0","A_1, A_2, R_1",1.0,0.23227722827954572,0.7467948717948718,1,64.33392146159429,4995,2553,0.2727272727272727,0.0005832462029713284,233,312
"1.0, 1.0","A_1, R_2",1.0,0.09630916986968902,0.6262295081967213,1,74.01626682636257,4989,2558,0.18181818181818182,0.0006710255741267051,382,610
"1.0, 0.0, 0.0, 1.0","A_0, A_2, R_3, R_6",1.0,0.25946790212522136,0.7635135135135135,1,73.44457694913967,4989,2562,0.36363636363636365,0.0006658426792775788,113,148
"0.0, 0.0, 1.0","A_2, R_2, R_3",0.0,0.0871668954937998,0.6138613861386139,1,68.05743568292588,4998,2570,0.2727272727272727,0.0006284658632208228,186,303
"0.0, 0.0, 1.0, 1.0","A_0, A_1, R_0, R_1",1.0,1.0,1.0,12,64.96680117507245,4997,2574,0.36363636363636365,0.007067806079971279,156,156
"1.0, 1.0, 0.0, 1.0, 1.0, 0.0, 1.0","A_0, A_1, R_0, R_1, R_3, R_4, R_6",1.0,0.3066820026178275,0.7894736842105263,1,67.54560113056154,4679,2582,0.6363636363636364,0.0006123630348001423,15,19
"0.0, 0.0, 0.0, 0.0","A_0, R_0, R_2, R_3",0.0,0.5371442581559338,0.8831168831168831,3,83.78133233883507,4946,2584,0.36363636363636365,0.0022786646386390003,136,154
"1.0, 1.0, 1.0","A_0, A_2, R_7",1.0,0.22563627979530368,0.7424749163879598,2,75.39908892213164,4995,2595,0.2727272727272727,0.001367124258003875,222,299
"0.0, 0.0, 0.0, 0.0, 1.0","A_1, R_0, R_1, R_4, R_7",0.0,0.45761349343324415,0.8552631578947368,2,89.31057649927308,4996,2630,0.45454545454545453,0.0016193651325755983,65,76
"0.0, 1.0, 0.0, 0.0, 0.0, 0.0, 1.0","A_1, A_2, R_0, R_1, R_2, R_3, R_4",0.0,0.2567458542283846,0.7619047619047619,1,72.28517937459364,4849,2637,0.6363636363636364,0.0006553316732993122,16,21
"0.0, 0.0, 0.0, 0.0","A_0, A_2, R_0, R_2",0.0,1.0,1.0,9,84.56052841761839,4996,2657,0.36363636363636365,0.006899571081679021,149,149
"1.0, 1.0, 0.0, 0.0","A_1, R_5, R_6, R_7",0.0,0.2454868426366091,0.7551020408163265,1,71.43557061747748,4962,2659,0.36363636363636365,0.0006476291880420595,111,147
"1.0, 0.0, 0.0, 0.0, 0.0","A_2, R_0, R_1, R_4, R_5",0.0,0.26010635629992535,0.7638888888888888,1,84.22307200785897,4871,2666,0.45454545454545453,0.0007635596561681628,55,72
"0.0, 1.0, 0.0, 0.0, 0.0","A_0, A_1, A_2, R_2, R_7",0.0,1.0,1.0,4,69.14201428493128,4979,2669,0.45454545454545453,0.002507343956736702,73,73
"1.0, 1.0, 0.0, 1.0, 1.0","A_0, A_2, R_0, R_3, R_7",1.0,0.2488222127684893,0.7571428571428571,1,69.18183118554722,4967,2674,0.45454545454545453,0.0006271969660307711,53,70
"1.0, 1.0, 0.0, 1.0","A_1, A_2, R_0, R_7",1.0,0.22621766644850363,0.7428571428571429,1,61.89355511815013,4920,2674,0.36363636363636365,0.0005611220362590206,104,140
"0.0, 0.0, 1.0, 0.0, 0.0, 1.0","A_0, A_2, R_0, R_3, R_5, R_7",1.0,0.18593443208187066,0.7142857142857143,1,61.30513961734952,4923,2675,0.5454545454545454,0.0005557875082399832,25,35
"1.0, 0.0, 1.0, 1.0, 1.0","A_0, A_1, R_0, R_1, R_4",1.0,0.22621766644850363,0.7428571428571429,2,71.76227955573728,4995,2678,0.45454545454545453,0.0013011822104591329,52,70
"1.0, 0.0, 0.0, 1.0, 1.0, 1.0","A_0, A_2, R_0, R_2, R_3, R_6",1.0,0.2149341667858102,0.7352941176470589,1,73.21095366215101,4794,2746,0.5454545454545454,0.0006637246691832747,25,34
"0.0, 1.0, 1.0, 1.0, 1.0","A_1, A_2, R_3, R_5, R_7",1.0,0.2255592918474078,0.7424242424242424,1,66.58116268268867,4967,2813,0.45454545454545453,0.0006036195127212463,49,66
"1.0, 0.0, 0.0","A_1, R_0, R_7",0.0,0.09129250871404188,0.6195652173913043,1,70.46605980258143,4979,2815,0.2727272727272727,0.0006557613560234203,171,276
"1.0, 1.0, 0.0, 0.0, 0.0","A_0, A_1, R_2, R_6, R_7",0.0,1.0,1.0,3,98.88706100565226,4984,2815,0.45454545454545453,0.002689506634022221,70,70
"0.0, 1.0, 0.0, 1.0","A_2, R_0, R_3, R_4",1.0,0.22011618705032351,0.7388059701492538,1,77.46922658602988,4989,2825,0.36363636363636365,0.0007023298320218345,99,134
"1.0, 1.0, 1.0, 1.0, 1.0, 1.0","A_1, A_2, R_0, R_2, R_3, R_7",1.0,1.0,1.0,2,74.5085915388571,4959,2827,0.5454545454545454,0.0013509779014395287,37,37
"1.0, 0.0, 0.0, 0.0","A_0, R_4, R_6, R_7",0.0,0.515588704712993,0.8759124087591241,2,88.75534731806222,4975,2828,0.36363636363636365,0.001609297805592789,120,137
"1.0, 0.0, 0.0, 1.0","A_0, A_1, R_5, R_6",0.0,0.2495343537242618,0.7575757575757576,1,59.24697478478147,4956,2833,0.36363636363636365,0.0005371283499543958,100,132
"1.0, 1.0, 1.0","A_2, R_1, R_5",1.0,0.23582707885020218,0.7490636704119851,3,73.84539770791119,4995,2855,0.2727272727272727,0.0020084294649639176,200,267
"0.0, 0.0, 0.0, 1.0, 1.0","A_0, R_0, R_1, R_3, R_4",0.0,0.07584482317163513,0.5970149253731343,1,61.51139643139402,4916,2868,0.45454545454545453,0.0005576574160723579,40,67
"1.0, 0.0, 0.0","A_2, R_1, R_5",0.0,0.24178200811271477,0.7528089887640449,2,73.19472508000746,4993,2871,0.2727272727272727,0.0013271550843027586,201,267
"1.0, 0.0, 1.0, 1.0, 1.0, 0.0","A_0, A_1, R_1, R_4, R_5, R_6",1.0,1.0,1.0,2,86.63780348075713,4995,2879,0.5454545454545454,0.0015709028383756633,33,33
"0.0, 1.0, 1.0, 0.0, 1.0, 0.0","A_0, A_1, R_0, R_1, R_2, R_4",1.0,0.2495343537242618,0.7575757575757576,1,66.34131084591698,4905,2888,0.5454545454545454,0.0006014450350911783,25,33
"1.0, 1.0, 0.0, 0.0","A_0, A_2, R_5, R_7",0.0,1.0,1.0,14,73.32732233728727,4991,2901,0.36363636363636365,0.009306915216404511,135,135
"0.0, 1.0, 1.0, 0.0, 1.0, 0.0","A_0, A_1, A_2, R_3, R_4, R_6",0.0,1.0,1.0,5,51.16140350847837,4962,2914,0.5454545454545454,0.002319126026913931,32,32
"0.0, 1.0, 1.0","A_0, R_0, R_1",1.0,0.24192137176577172,0.752895752895753,1,62.3655068779651,4997,2921,0.2727272727272727,0.0005654007132873134,195,259
"1.0, 1.0, 1.0, 1.0, 0.0, 0.0","A_0, A_2, R_2, R_3, R_4, R_7",0.0,0.20346349914002398,0.7272727272727273,1,54.33052627857,4981,2933,0.5454545454545454,0.0004925562197592276,24,33
"1.0, 1.0, 1.0, 1.0, 1.0","A_0, R_2, R_4, R_6, R_7",1.0,0.512908935546875,0.875,1,86.45181393853011,4989,2941,0.45454545454545453,0.000783765252825953,56,64
"1.0, 1.0, 0.0, 1.0","A_0, A_1, A_2, R_6",1.0,1.0,1.0,15,70.50694136801803,4989,2941,0.36363636363636365,0.009843369634344675,129,129
"0.0, 0.0, 0.0, 1.0, 1.0, 1.0","A_0, A_1, R_1, R_3, R_6, R_7",0.0,0.22481780895283973,0.7419354838709677,1,67.79668993855701,4898,2960,0.5454545454545454,0.0006146393859154614,23,31
"0.0, 0.0, 0.0","A_0, R_1, R_6",0.0,0.09346774291933199,0.6224899598393574,1,76.83313561232904,4996,2991,0.2727272727272727,0.0006965630819663942,155,249
"0.0, 1.0, 0.0, 1.0, 1.0","A_0, A_1, R_3, R_5, R_7",0.0,0.231092867969897,0.746031746031746,2,61.98928417632713,4951,2991,0.45454545454545453,0.001123979816536975,47,63
"0.0, 1.0, 0.0, 0.0, 1.0, 1.0","A_1, A_2, R_0, R_1, R_2, R_4",0.0,0.22481780895283973,0.7419354838709677,1,70.73843707837662,4991,3007,0.5454545454545454,0.0006413090309552997,23,31
"0.0, 0.0, 0.0, 0.0, 1.0","A_0, R_0, R_1, R_2, R_7",0.0,0.48894551440329226,0.8666666666666667,1,88.6990363120782,4996,3022,0.45454545454545453,0.0008041383917055189,52,60
"1.0, 0.0, 1.0, 0.0","A_0, A_1, A_2, R_5",0.0,1.0,1.0,9,61.41484002350303,4993,3027,0.36363636363636365,0.005011038390387098,121,121
"0.0, 0.0, 1.0, 1.0, 1.0, 0.0","A_1, A_2, R_0, R_1, R_2, R_7",1.0,0.21208362139917689,0.7333333333333333,1,73.38400981490207,4835,3030,0.5454545454545454,0.0006652935824672744,22,30
"0.0, 0.0, 0.0, 1.0, 0.0","A_0, A_1, R_1, R_3, R_4",0.0,0.2373046875,0.75,1,85.28039025335997,4996,3038,0.45454545454545453,0.0007731452190875459,45,60
"1.0, 1.0, 1.0","A_0, A_1, R_6",1.0,0.23257765406103217,0.7469879518072289,1,68.423005929086,4989,3041,0.2727272727272727,0.0006326086516042316,186,249
"1.0, 1.0, 0.0, 0.0","A_2, R_2, R_5, R_7",0.0,0.2436493745361309,0.753968253968254,1,74.30048913559182,4991,3043,0.36363636363636365,0.0006736023109226529,95,126
"0.0, 0.0, 0.0, 0.0","A_1, A_2, R_3, R_4",0.0,0.23044663552247954,0.7456140350877193,2,80.26735323779509,4975,3111,0.36363636363636365,0.0014553948503341302,85,114
"0.0, 1.0, 0.0, 0.0, 1.0","A_0, A_1, A_2, R_2, R_5",0.0,1.0,1.0,12,77.75699127155822,4979,3142,0.45454545454545453,0.008459264204626742,55,55
"0.0, 0.0, 0.0","A_0, R_0, R_2",0.0,0.25126003423796484,0.7586206896551724,1,75.95509721788004,4996,3148,0.2727272727272727,0.0006886028558836247,176,232
"1.0, 0.0, 0.0, 0.0","A_1, A_2, R_3, R_6",0.0,0.24070441269615173,0.7521367521367521,1,81.28120058069256,4984,3150,0.36363636363636365,0.0007368888843491471,88,117
"1.0, 0.0, 1.0, 1.0, 1.0","A_0, R_2, R_4, R_5, R_6",1.0,0.5256672404724864,0.8793103448275862,1,71.94368461524235,4873,3156,0.45454545454545453,0.0006725063919589955,51,58
"1.0, 1.0, 1.0, 0.0","A_0, A_1, R_3, R_7",0.0,0.2693290743429045,0.7692307692307693,1,61.644223106429564,4981,3164,0.36363636363636365,0.0005557887708116025,90,117
"0.0, 1.0, 1.0, 1.0","R_1, R_2, R_6, R_7",1.0,0.13168724279835387,0.6666666666666666,1,68.87136137824828,4933,3167,0.36363636363636365,0.0006243822715098962,70,105
"1.0, 0.0, 0.0, 1.0, 0.0, 0.0, 1.0","A_1, A_2, R_0, R_2, R_3, R_4, R_7",1.0,0.18593443208187066,0.7142857142857143,1,52.23821117439999,4733,3167,0.6363636363636364,0.00047358745783391545,10,14
"1.0, 0.0, 0.0, 0.0","A_2, R_1, R_4, R_5",0.0,0.25126003423796484,0.7586206896551724,1,73.58833488991168,4993,3172,0.36363636363636365,0.000667145977307566,88,116
"1.0, 0.0, 0.0, 0.0, 0.0, 0.0","A_1, A_2, R_2, R_3, R_5, R_7",0.0,0.18593443208187066,0.7142857142857143,1,82.1463106687614,4984,3190,0.5454545454545454,0.0007447319034369788,20,28
"0.0, 0.0, 0.0","A_0, A_1, R_1",0.0,0.2266170619465376,0.7431192660550459,1,81.98098418783263,4996,3233,0.2727272727272727,0.0007432330667414746,162,218
"0.0, 0.0, 0.0","A_0, R_2, R_3",0.0,0.21921114444352116,0.7381974248927039,1,76.1807859564826,4946,3240,0.2727272727272727,0.0006906489319948394,172,233
0.0,R_7,0.0,0.06041356790309925,0.5704622322435174,1,68.5808697285117,4991,3259,0.09090909090909091,0.006404302856494762,506,887
"0.0, 0.0, 1.0, 1.0, 1.0","A_1, A_2, R_0, R_1, R_5",1.0,0.16581708354279173,0.6981132075471698,1,68.16429450708297,4927,3268,0.45454545454545453,0.0006179720596265716,37,53
"0.0, 0.0, 1.0, 1.0","A_0, A_2, R_0, R_2",1.0,1.0,1.0,10,71.47692062436198,4942,3268,0.36363636363636365,0.006480040639078594,105,105
"0.0, 0.0, 0.0, 0.0","A_1, R_1, R_4, R_5",0.0,0.5364329973207106,0.8828828828828829,2,89.41527680247275,4996,3269,0.36363636363636365,0.001621263541778824,98,111
"1.0, 0.0, 1.0","A_0, A_1, R_5",1.0,0.22090762944858305,0.7393364928909952,2,72.10085021471846,4995,3270,0.2727272727272727,0.001307321119662924,156,211
"0.0, 0.0, 1.0, 0.0","A_0, A_2, R_2, R_3",1.0,0.22993555425225484,0.7452830188679245,3,69.83132991931058,4942,3277,0.36363636363636365,0.001899255809310028,79,106
"1.0, 0.0, 0.0, 1.0, 1.0, 1.0","A_1, A_2, R_0, R_1, R_4, R_6",1.0,0.2373046875,0.75,1,72.35155972501785,4864,3288,0.5454545454545454,0.0006559334722641078,21,28
"0.0, 1.0, 0.0, 0.0","A_0, A_1, R_2, R_6",0.0,0.26055281406691305,0.7641509433962265,1,64.70469648970611,4966,3294,0.36363636363636365,0.0005866076198162802,81,106
"0.0, 1.0, 1.0, 0.0, 1.0, 1.0","A_1, R_0, R_1, R_2, R_4, R_5",1.0,1.0,1.0,1,81.07720991010456,4995,3312,0.5454545454545454,0.0007350395211926815,22,22
"0.0, 1.0, 1.0, 1.0, 0.0","A_1, A_2, R_0, R_4, R_5",0.0,0.17927081284810403,0.7090909090909091,1,58.17934988578424,4935,3329,0.45454545454545453,0.0005274493477361101,39,55
"1.0, 1.0, 0.0","A_0, A_1, R_7",0.0,0.24486155808474971,0.7547169811320755,3,76.0853013873186,4984,3356,0.2727272727272727,0.002158322553877068,160,212
"1.0, 1.0, 0.0, 0.0","A_0, A_1, A_2, R_6",0.0,1.0,1.0,15,77.2658745332961,4998,3362,0.36363636363636365,0.010507293877858826,104,104
"0.0, 0.0, 0.0, 0.0, 0.0, 1.0","A_0, A_2, R_0, R_1, R_4, R_7",0.0,0.2373046875,0.75,1,96.98937404368407,4996,3374,0.5454545454545454,0.0008792979326359689,18,24
"1.0, 0.0, 0.0, 0.0, 1.0","A_0, A_1, R_1, R_4, R_6",0.0,0.17831521367830508,0.7083333333333334,1,59.441738587112,4938,3387,0.45454545454545453,0.000538894063058848,34,48
"1.0, 0.0, 1.0, 1.0","A_0, A_1, R_4, R_5",1.0,1.0,1.0,13,80.56646419312719,4995,3400,0.36363636363636365,0.010225727977382247,94,94
"1.0, 1.0","A_2, R_5",1.0,0.09609765358583233,0.6259541984732825,1,67.19900869607105,4995,3414,0.18181818181818182,0.0006092208554210126,246,393
"0.0, 0.0, 0.0, 0.0","A_0, A_1, R_0, R_1",0.0,1.0,1.0,16,93.3311879946996,4996,3418,0.36363636363636365,0.013538129753015753,95,95
"1.0, 0.0, 1.0","A_1, A_2, R_6",1.0,0.2960449176436111,0.7839195979899497,4,69.86329195792709,4989,3437,0.2727272727272727,0.002595722197972783,156,199
"1.0, 0.0, 1.0, 0.0, 1.0, 1.0","A_1, A_2, R_1, R_2, R_3, R_5",0.0,0.3666478320532007,0.8181818181818182,1,65.99191821085704,4979,3438,0.5454545454545454,0.000598277469316931,18,22
"0.0, 0.0","A_2, R_0",0.0,0.08325328653621553,0.6082474226804123,1,76.4843547157194,4998,3445,0.18181818181818182,0.0007239630833684737,236,388
"1.0, 1.0, 1.0, 1.0","A_0, A_2, R_6, R_7",1.0,0.2089920763607051,0.7311827956989247,1,76.72263421806959,4907,3454,0.36363636363636365,0.0006955612851357231,68,93
"1.0, 1.0, 1.0, 1.0","A_2, R_1, R_6, R_7",1.0,0.20195413267088946,0.7261904761904762,2,64.10880015889033,4969,3472,0.36363636363636365,0.0011624105423774637,61,84
"1.0, 1.0, 1.0, 1.0, 1.0","A_1, A_2, R_2, R_5, R_7",1.0,0.27214629954271363,0.7708333333333334,1,64.11441385204436,4959,3473,0.45454545454545453,0.0005812561644833166,37,48
"0.0, 0.0, 1.0, 0.0, 1.0, 0.0","A_1, A_2, R_0, R_1, R_2, R_7",1.0,0.17831521367830508,0.7083333333333334,1,60.71813112863498,4939,3474,0.5454545454545454,0.0005504657360803444,17,24
"1.0, 0.0, 1.0, 1.0, 1.0","A_0, A_1, R_1, R_4, R_5",1.0,1.0,1.0,1,85.4357141412578,4995,3495,0.45454545454545453,0.0007745533730720847,42,42
"0.0, 1.0, 0.0, 0.0","A_1, A_2, R_1, R_5",0.0,1.0,1.0,12,73.81679516956254,4993,3505,0.36363636363636365,0.008030606159867573,93,93
"1.0, 0.0, 1.0","A_0, R_2, R_6",1.0,0.095367431640625,0.625,1,61.8583232008395,4985,3510,0.2727272727272727,0.0005582150387951838,120,192
"1.0, 0.0, 0.0, 0.0","A_0, A_1, A_2, R_4",0.0,1.0,1.0,14,69.93567594907354,4975,3528,0.36363636363636365,0.008876437675796453,90,90
"0.0, 0.0, 0.0, 1.0","A_1, A_2, R_4, R_6",0.0,0.24710935412080362,0.7560975609756098,1,71.12609640429108,4938,3528,0.36363636363636365,0.0006448235194980354,62,82
"0.0, 0.0, 0.0, 0.0, 1.0","A_0, R_1, R_3, R_4, R_7",0.0,0.2994492622121735,0.7857142857142857,1,85.4546505530161,4955,3531,0.45454545454545453,0.0007747250490713866,33,42
"0.0, 0.0","A_2, R_6",0.0,0.10167194111826448,0.6330532212885154,1,77.15523365806226,4998,3548,0.18181818181818182,0.0006994831971698569,226,357
"1.0, 1.0","A_0, R_5",1.0,0.10877958449877834,0.6416666666666667,1,73.10897841876127,4995,3590,0.18181818181818182,0.0006857119678590705,231,360
"1.0, 1.0, 1.0, 0.0","A_0, A_1, A_2, R_7",0.0,1.0,1.0,13,80.4641389302477,4981,3618,0.36363636363636365,0.009483259091360205,90,90
"0.0, 0.0, 0.0, 1.0","A_0, A_1, A_2, R_0",1.0,1.0,1.0,13,63.14735609501419,4997,3621,0.36363636363636365,0.007442355647433511,78,78
"1.0, 1.0, 0.0","A_0, A_1, R_6",0.0,0.24449521829689025,0.7544910179640718,3,78.52297810745134,4998,3630,0.2727272727272727,0.002135649177915205,126,167
"0.0, 0.0, 1.0","A_0, A_2, R_2",1.0,0.26848847239494333,0.76875,2,69.21636171851719,4960,3653,0.2727272727272727,0.0012550200341794842,123,160
"0.0, 0.0, 1.0, 0.0","A_0, A_1, A_2, R_1",0.0,1.0,1.0,16,75.26649561077639,4935,3657,0.36363636363636365,0.010917760777794341,79,79
"0.0, 0.0, 1.0, 0.0","R_2, R_3, R_4, R_5",0.0,0.09999606673116371,0.6309523809523809,1,81.80556883274888,4984,3666,0.36363636363636365,0.0007416427651172134,53,84
"0.0, 1.0, 1.0, 1.0, 0.0, 1.0","A_1, A_2, R_0, R_1, R_2, R_4",1.0,0.20346349914002398,0.7272727272727273,1,73.75760867342157,4995,3667,0.5454545454545454,0.0006686805999335733,16,22
"0.0, 1.0, 1.0","A_0, A_1, R_2",1.0,0.25478297464822736,0.7607361963190185,3,58.330651107701726,4960,3680,0.2727272727272727,0.0015864630976547306,124,163
"1.0, 0.0, 1.0","A_0, R_2, R_7",1.0,0.11140698952326321,0.6447368421052632,1,72.99637639418174,4995,3685,0.2727272727272727,0.0006617793287789633,98,152
"0.0, 1.0, 0.0","A_0, A_2, R_1",0.0,0.21464963655463068,0.7350993377483444,3,61.803743875810746,4962,3696,0.2727272727272727,0.0016809234440884253,111,151
"1.0, 0.0, 0.0, 0.0","A_0, A_2, R_2, R_6",0.0,0.24199435836144062,0.7529411764705882,2,82.71050449154089,4998,3701,0.36363636363636365,0.001499693679308283,64,85
"1.0, 1.0, 0.0, 0.0, 0.0","A_0, R_3, R_4, R_5, R_7",0.0,0.5305937968355826,0.8809523809523809,1,69.93041573623954,4981,3705,0.45454545454545453,0.000633983573886705,37,42
"0.0, 1.0, 1.0","A_0, A_2, R_1",1.0,0.24210827022082346,0.7530120481927711,1,53.70961283220966,4969,3712,0.2727272727272727,0.0004869270679566331,125,166
"1.0, 0.0, 1.0, 1.0, 1.0, 1.0, 1.0, 0.0","A_1, A_2, R_1, R_2, R_4, R_5, R_6, R_7",1.0,1.0,1.0,1,71.0,4602,3729,0.7272727272727273,0.0006436803395497245,6,6
"1.0, 1.0, 0.0, 1.0","A_0, A_1, R_3, R_6",1.0,0.28699990784712964,0.7790697674418605,1,73.61702171773575,4989,3730,0.36363636363636365,0.0006674060498015717,67,86
"0.0, 1.0, 0.0, 0.0, 1.0, 0.0","A_0, A_2, R_0, R_1, R_2, R_5",0.0,0.3066820026178275,0.7894736842105263,1,74.76304224465716,4916,3738,0.5454545454545454,0.0006777957805325537,15,19
"1.0, 1.0, 1.0, 1.0, 1.0, 0.0","A_1, A_2, R_0, R_2, R_3, R_6",1.0,0.1473475405306393,0.6818181818181818,1,70.26276485759003,4959,3739,0.5454545454545454,0.0006369966245244506,15,22
"0.0, 1.0, 0.0, 1.0, 0.0, 1.0","A_0, A_1, A_2, R_2, R_4, R_5",0.0,0.0,0.0,1,59.473626198736895,3748,3748,0.5454545454545454,0.0005391831536036106,0,19
"1.0, 1.0, 1.0, 1.0","A_2, R_0, R_5, R_7",1.0,0.2373046875,0.75,1,76.35731231139762,4995,3762,0.36363636363636365,0.0006922493058549969,57,76
"1.0, 1.0, 1.0","A_1, A_2, R_7",1.0,0.2641231282336045,0.7662337662337663,1,67.79683792035635,4959,3773,0.2727272727272727,0.0006146407275066565,118,154
"0.0, 0.0, 1.0, 0.0, 0.0","A_1, A_2, R_0, R_2, R_7",1.0,0.12385100560996302,0.6585365853658537,1,64.34489196718145,4997,3780,0.45454545454545453,0.0005833456607003619,27,41
"1.0, 1.0","A_0, R_4",1.0,0.09993277007112772,0.6308724832214765,1,75.32895604994901,4995,3781,0.18181818181818182,0.0007108696431308261,188,298
"0.0, 0.0, 0.0, 0.0","A_1, R_4, R_5, R_6",0.0,0.18362184356689457,0.7125,1,82.21330524973666,4996,3782,0.36363636363636365,0.0007453392709669809,57,80
"0.0, 0.0, 0.0, 0.0","A_0, R_0, R_1, R_5",0.0,0.19349176319999997,0.72,1,86.467908981817,4996,3786,0.36363636363636365,0.0007839111692052202,54,75
"1.0, 0.0, 1.0, 1.0, 1.0","A_1, A_2, R_2, R_3, R_4",1.0,0.3787874412704941,0.8235294117647058,1,67.25184107617211,4960,3795,0.45454545454545453,0.0006096998295669658,28,34
"0.0, 1.0, 1.0","A_0, R_2, R_6",1.0,0.11693037144271137,0.6510067114093959,1,63.954120108999746,4969,3795,0.2727272727272727,0.0005798029541882368,97,149
"1.0, 1.0, 1.0, 1.0","A_2, R_1, R_5, R_7",1.0,0.5450900410543225,0.8857142857142857,1,73.66621237598203,4995,3803,0.36363636363636365,0.0006678520083875243,62,70
"1.0, 1.0, 1.0, 1.0","R_0, R_1, R_2, R_3",1.0,0.1834013033046273,0.7123287671232876,1,65.32315469348767,4986,3804,0.36363636363636365,0.0005922145125853988,52,73
"0.0, 1.0, 0.0, 1.0","A_0, R_2, R_4, R_6",1.0,0.11903483743868312,0.6533333333333333,1,63.4662972462409,4969,3804,0.36363636363636365,0.000575380391005973,49,75
"0.0, 0.0, 0.0","R_2, R_3, R_4",0.0,0.11602906250000002,0.65,1,76.81564086119631,4993,3819,0.2727272727272727,0.0006964044759473878,91,140
"0.0, 0.0, 0.0, 0.0, 0.0","A_0, R_1, R_2, R_3, R_6",0.0,0.534824985896467,0.8823529411764706,1,83.12117542280092,4913,3819,0.45454545454545453,0.0007535699495763479,30,34
"0.0, 1.0, 0.0, 1.0","A_0, A_1, A_2, R_2",1.0,1.0,1.0,10,60.99209945521617,4960,3820,0.36363636363636365,0.005529495110871001,74,74
"0.0, 0.0, 0.0","A_1, A_2, R_4",0.0,0.283168392999183,0.7769784172661871,3,82.50118163681165,4996,3821,0.2727272727272727,0.002243847406024074,108,139
"0.0, 0.0, 0.0","A_0, A_1, R_0",0.0,0.2607826595131492,0.7642857142857142,2,84.07127349617888,4996,3822,0.2727272727272727,0.0015243669259267089,107,140
"1.0, 1.0, 1.0, 1.0","A_1, A_2, R_3, R_7",1.0,1.0,1.0,8,71.69987040583902,4959,3829,0.36363636363636365,0.005200202470817093,76,76
"0.0, 0.0, 1.0, 1.0, 0.0","A_0, A_1, A_2, R_1, R_2",1.0,1.0,1.0,9,68.47033984104712,4931,3838,0.45454545454545453,0.005586719780024396,34,34
"1.0, 0.0, 0.0, 0.0, 0.0","A_0, R_4, R_5, R_6, R_7",0.0,1.0,1.0,3,91.06553909823367,4975,3849,0.45454545454545453,0.002476778751888581,37,37
"1.0, 0.0, 0.0","A_0, A_2, R_4",0.0,0.1786628065818636,0.7086092715231788,2,73.0589941559708,4975,3885,0.2727272727272727,0.0013246940328303272,107,151
"0.0, 0.0, 0.0","A_1, R_2, R_4",0.0,0.10888505238351957,0.6417910447761194,1,77.23882853591424,4996,3885,0.2727272727272727,0.0007002410616678904,86,134
"1.0, 0.0, 0.0, 0.0","A_1, R_2, R_6, R_7",0.0,0.5324833739703814,0.881578947368421,1,87.85900114488848,4984,3886,0.36363636363636365,0.000796522699851288,67,76
"0.0, 1.0, 1.0","A_2, R_0, R_4",1.0,0.298326047941617,0.7851239669421488,1,70.69172382193113,4989,3895,0.2727272727272727,0.0006408855322965631,95,121
"1.0, 0.0, 1.0, 1.0, 1.0, 1.0","A_1, A_2, R_2, R_3, R_6, R_7",1.0,1.0,1.0,1,79.97411323117568,4933,3923,0.5454545454545454,0.0007250389346455108,18,18
"0.0, 0.0, 0.0, 0.0, 1.0, 1.0","A_1, R_0, R_1, R_4, R_6, R_7",0.0,0.26150027784488145,0.7647058823529411,1,79.0948165558272,4929,3927,0.5454545454545454,0.0007170673010884227,13,17
"0.0, 0.0, 1.0, 1.0","A_0, A_2, R_1, R_2",1.0,0.24345215148144456,0.7538461538461538,1,63.90804450208398,4942,3935,0.36363636363636365,0.0005793852364093002,49,65
"0.0, 1.0, 0.0","A_0, A_1, R_2",0.0,0.18313426592522022,0.7121212121212122,1,58.8405069792978,4979,3938,0.2727272727272727,0.0005334433452353851,94,132
"0.0, 1.0, 1.0, 0.0","A_0, R_0, R_1, R_7",1.0,0.2693290743429045,0.7692307692307693,1,66.67382547141167,4997,3940,0.36363636363636365,0.0006044595861763004,50,65
"1.0, 0.0, 1.0, 1.0","A_1, A_2, R_3, R_6",1.0,0.3580008669006961,0.8142857142857143,1,67.27399637958081,4985,3948,0.36363636363636365,0.0006195876153899468,57,70
"1.0, 1.0, 0.0, 0.0, 0.0","A_0, R_3, R_4, R_5, R_6",0.0,0.5450900410543225,0.8857142857142857,1,70.85752686768168,4790,3954,0.45454545454545453,0.0006423886894907474,31,35
"0.0, 0.0, 1.0, 1.0, 1.0","A_2, R_1, R_2, R_4, R_6",1.0,0.512908935546875,0.875,1,72.97151631848119,4933,3978,0.45454545454545453,0.000661553949314623,28,32
"0.0, 0.0, 1.0, 0.0","A_0, A_1, R_0, R_2",1.0,0.21574646429773925,0.7358490566037735,1,62.543918314364674,4997,3985,0.36363636363636365,0.0005670181771459223,39,53
"0.0, 1.0, 1.0, 0.0","A_0, A_2, R_1, R_2",1.0,0.2567458542283846,0.7619047619047619,2,65.89759177203256,4931,4003,0.36363636363636365,0.0011948446266853816,48,63
"0.0, 0.0, 1.0, 0.0, 0.0, 0.0","A_0, A_1, R_1, R_2, R_3, R_5",1.0,0.3540925979614258,0.8125,1,59.462462296064004,4997,4003,0.5454545454545454,0.0005390819425520164,13,16
"0.0, 1.0, 1.0, 1.0","A_1, R_1, R_2, R_3",1.0,0.08250009529139642,0.6071428571428571,1,62.305070794266726,4986,4005,0.36363636363636365,0.0005648528045707497,34,56
"0.0, 1.0, 0.0, 1.0, 1.0, 1.0","A_1, A_2, R_0, R_1, R_4, R_5",0.0,0.0,0.0,1,80.96881821532159,4005,4005,0.5454545454545454,0.0007340568507292692,0,17
"1.0, 0.0, 1.0, 0.0, 0.0","A_1, R_2, R_3, R_6, R_7",0.0,0.2373046875,0.75,1,75.16178051978252,4800,4007,0.45454545454545453,0.0006814107099455701,27,36
"1.0, 0.0, 1.0, 1.0","A_0, A_1, R_3, R_4",1.0,0.23020027395048778,0.7454545454545455,2,57.111928862195946,4964,4012,0.36363636363636365,0.0010355443876720561,41,55
"0.0, 0.0, 0.0, 1.0","A_0, R_2, R_3, R_6",0.0,0.2103677435165825,0.7321428571428571,1,75.77592427242087,4946,4034,0.36363636363636365,0.0006869784882445925,41,56
"0.0, 0.0, 0.0","A_1, A_2, R_0",0.0,0.231092867969897,0.746031746031746,2,87.19486150482433,4996,4049,0.2727272727272727,0.0015810033256455358,94,126
"0.0, 0.0","R_2, R_7",0.0,0.0990761827649468,0.6297872340425532,1,65.79960962023561,4984,4074,0.18181818181818182,0.0006028792743708811,148,235
"1.0, 1.0, 1.0, 1.0","A_0, R_1, R_6, R_7",1.0,0.21405831560130784,0.7346938775510204,1,79.24360950152537,4989,4077,0.36363636363636365,0.0007184162460716566,36,49
"1.0, 1.0, 1.0, 1.0, 1.0","A_1, R_2, R_3, R_6, R_7",1.0,1.0,1.0,1,79.86122190994713,4933,4078,0.45454545454545453,0.0007240154709274742,28,28
"0.0, 1.0, 1.0, 0.0, 1.0, 1.0","A_0, A_1, R_2, R_3, R_5, R_7",0.0,0.03125,0.5,1,46.4318558208,4951,4079,0.5454545454545454,0.00042094750310783655,7,14
"1.0, 1.0, 1.0, 1.0, 1.0","A_2, R_0, R_1, R_4, R_5",1.0,0.2535525376,0.76,1,73.92887848719485,4995,4094,0.45454545454545453,0.0006702333184108155,19,25
"1.0, 1.0, 1.0, 1.0, 1.0","A_0, R_1, R_3, R_6, R_7",1.0,0.10737418240000002,0.64,1,77.69174128254977,4861,4127,0.45454545454545453,0.0007043471325205772,16,25
"1.0, 1.0, 0.0, 1.0, 0.0","A_1, R_1, R_3, R_5, R_6",0.0,0.2535525376,0.76,1,61.81430231101699,4951,4144,0.45454545454545453,0.000560403536627954,19,25
"1.0, 0.0, 1.0, 0.0, 1.0","A_1, R_3, R_4, R_6, R_7",0.0,0.3066820026178275,0.7894736842105263,1,55.3702863404073,4951,4144,0.45454545454545453,0.0005019826015853358,15,19
"1.0, 0.0, 1.0, 0.0","A_0, A_1, R_4, R_7",1.0,0.2103677435165825,0.7321428571428571,2,58.69653571342125,4939,4151,0.36363636363636365,0.0010642762264340146,41,56
"0.0, 1.0, 0.0, 1.0, 0.0","A_0, A_2, R_1, R_2, R_4",0.0,0.16291487262254356,0.6956521739130435,1,65.65592927075654,4802,4159,0.45454545454545453,0.0005952314203725811,16,23
"1.0, 0.0, 0.0","A_0, R_4, R_7",0.0,0.22059995870325735,0.7391304347826086,1,72.57241494131094,4981,4163,0.2727272727272727,0.0006579357280474158,85,115
"0.0, 1.0, 0.0, 1.0","A_0, A_1, R_3, R_4",0.0,0.3357904984177521,0.803921568627451,2,60.77783592512133,4962,4166,0.36363636363636365,0.0011020140300106913,41,51
"0.0, 0.0, 1.0","A_0, A_1, R_0",1.0,0.3362128763497534,0.8041237113402062,1,62.09698245293791,4997,4168,0.2727272727272727,0.0005629662922580331,78,97
"1.0, 0.0, 0.0","A_0, R_4, R_6",0.0,0.18905406764403293,0.7166666666666667,1,78.78119197347924,4993,4175,0.2727272727272727,0.0007142240056284668,86,120
"0.0, 1.0, 0.0, 1.0, 0.0","A_0, A_2, R_1, R_4, R_5",0.0,0.46266436603796024,0.8571428571428571,1,73.90733146058643,4935,4185,0.45454545454545453,0.0006700379747854128,24,28
"0.0, 0.0, 0.0","A_1, R_1, R_5",0.0,0.24583995944045128,0.7553191489361702,2,77.76235056077154,4996,4185,0.2727272727272727,0.0014099745412152712,71,94
"1.0, 1.0, 1.0","A_1, R_3, R_5",1.0,0.11097044229596706,0.6442307692307693,1,60.44717946892443,4976,4216,0.2727272727272727,0.0005422233930819345,67,104
"0.0, 1.0, 1.0, 1.0, 1.0, 1.0","A_0, A_2, R_0, R_2, R_3, R_7",0.0,0.000541922809869769,0.2222222222222222,1,73.60032,4935,4216,0.5454545454545454,0.0006672546333601179,2,9
"1.0, 0.0, 0.0","A_1, R_2, R_3",0.0,0.26364723082896674,0.7659574468085106,1,87.68502785365807,4984,4217,0.2727272727272727,0.0007949454718629531,72,94
"1.0, 1.0, 1.0, 1.0","A_1, R_1, R_6, R_7",1.0,0.3933994473226094,0.8297872340425532,1,72.03406829046529,4989,4218,0.36363636363636365,0.0006530551202303484,39,47
"0.0, 1.0","A_1, R_0",1.0,0.11285906147151809,0.6464088397790055,1,68.05754179386228,4997,4224,0.18181818181818182,0.0006170042480393357,117,181
"0.0, 0.0, 0.0, 0.0, 0.0","A_1, R_0, R_4, R_5, R_6",0.0,0.3276800000000001,0.8,1,88.89592917012244,4996,4247,0.45454545454545453,0.0008059234066593333,20,25
"1.0, 1.0","A_2, R_7",1.0,0.10097577250432618,0.632183908045977,1,72.4571647896978,4995,4248,0.18181818181818182,0.0006568908793611693,110,174
"1.0, 1.0, 1.0, 0.0, 1.0, 1.0","A_0, A_1, R_1, R_2, R_3, R_5",1.0,0.095367431640625,0.625,1,75.5344,4920,4248,0.5454545454545454,0.0006847888484462635,5,8
"1.0, 1.0, 0.0, 1.0, 0.0","A_1, A_2, R_3, R_4, R_6",0.0,1.0,1.0,2,68.12016858775551,4962,4255,0.45454545454545453,0.0012351440351197449,18,18
"0.0, 0.0, 0.0, 1.0, 0.0, 0.0","A_1, R_0, R_1, R_3, R_4, R_5",0.0,1.0,1.0,1,89.30208,4996,4272,0.5454545454545454,0.0008096055377027698,10,10
"1.0, 1.0, 0.0, 0.0","A_0, A_1, R_4, R_6",0.0,0.20346349914002398,0.7272727272727273,1,83.58284369231527,4972,4284,0.36363636363636365,0.000757755397301423,40,55
"1.0, 0.0, 0.0, 0.0","A_0, A_2, R_4, R_6",0.0,1.0,1.0,12,80.04434793565053,4975,4288,0.36363636363636365,0.008708108122522111,44,44
"0.0, 0.0, 0.0, 1.0","A_0, A_2, R_2, R_5",0.0,0.2373046875,0.75,2,74.01932891670097,4979,4293,0.36363636363636365,0.001342106669587178,36,48
"0.0, 0.0, 0.0, 0.0, 0.0","A_0, R_0, R_2, R_3, R_4",0.0,0.534824985896467,0.8823529411764706,1,93.5472926859264,4929,4294,0.45454545454545453,0.0008480922974652754,15,17
"1.0, 1.0, 0.0, 1.0, 0.0, 0.0","A_1, A_2, R_1, R_4, R_5, R_6",0.0,0.07775999999999998,0.6,1,77.02304000000001,4754,4324,0.5454545454545454,0.0006982847400049579,6,10
"0.0, 0.0, 0.0","A_2, R_5, R_6",0.0,0.12385100560996302,0.6585365853658537,1,77.24546315485,4998,4330,0.2727272727272727,0.0007003012105942194,54,82
"1.0, 0.0, 0.0, 0.0, 0.0","A_1, R_2, R_5, R_6, R_7",0.0,0.5734249721032963,0.8947368421052632,1,88.4171360320553,4984,4331,0.45454545454545453,0.0008015827062412328,17,19
"0.0, 1.0, 1.0, 1.0","A_1, A_2, R_1, R_4",1.0,0.16806999999999994,0.7,1,65.68067894463218,4995,4337,0.36363636363636365,0.0005954557989427785,35,50
"1.0, 1.0, 0.0, 0.0, 0.0, 0.0, 1.0","A_1, A_2, R_0, R_1, R_5, R_6, R_7",1.0,0.07775999999999998,0.6,1,57.8,4908,4343,0.6363636363636364,0.0005240101919151278,3,5
"0.0, 0.0","R_1, R_2",0.0,0.07775999999999998,0.6,1,73.82800107907106,4996,4352,0.18181818181818182,0.0006938602205022421,93,155
"0.0, 1.0, 1.0, 1.0, 1.0, 0.0","A_0, A_1, R_0, R_1, R_2, R_7",1.0,0.18593443208187066,0.7142857142857143,1,64.112,4942,4357,0.5454545454545454,0.0005812342806931258,5,7
"0.0, 1.0, 0.0, 1.0","A_0, A_2, R_1, R_4",0.0,0.22621766644850363,0.7428571428571429,1,61.55327082664344,4962,4373,0.36363636363636365,0.0005580370460012676,26,35
"1.0, 0.0, 1.0, 1.0","A_0, A_2, R_3, R_6",1.0,0.21208362139917689,0.7333333333333333,1,67.02388875178873,4985,4393,0.36363636363636365,0.0006167532956226725,33,45
"0.0, 0.0, 0.0, 1.0","A_0, A_1, R_0, R_7",0.0,0.4939144320360374,0.868421052631579,1,83.66527426021973,4996,4407,0.36363636363636365,0.0007585027062582966,33,38
"1.0, 0.0, 0.0, 0.0, 0.0","A_0, A_2, R_1, R_2, R_6",0.0,0.13168724279835387,0.6666666666666666,1,86.7721840485671,4984,4411,0.45454545454545453,0.0007866697027021528,16,24
"0.0, 0.0, 0.0, 0.0","A_0, A_2, R_5, R_6",0.0,0.049594799370753236,0.5483870967741935,1,74.56844565444624,4996,4415,0.36363636363636365,0.00836036299720092,17,31
"1.0, 0.0, 0.0, 0.0","A_1, A_2, R_5, R_6",0.0,0.28462802079628785,0.7777777777777778,1,71.79159197966078,4998,4415,0.36363636363636365,0.0006508568493279342,28,36
"0.0, 0.0, 0.0, 0.0","R_1, R_4, R_5, R_6",0.0,0.401877572016461,0.8333333333333334,1,90.08032911789203,4996,4427,0.36363636363636365,0.0008166610821599391,25,30
"0.0, 1.0, 0.0, 0.0","A_1, A_2, R_5, R_7",0.0,0.17525145137855438,0.7058823529411765,1,63.10147395814358,4991,4429,0.36363636363636365,0.0005720729321614923,24,34
"1.0, 1.0, 1.0","A_2, R_1, R_3",1.0,0.1525510302209349,0.6865671641791045,1,57.306150035896245,4986,4431,0.2727272727272727,0.0005195329875125796,46,67
"1.0, 1.0, 0.0, 0.0","A_0, A_1, R_6, R_7",0.0,1.0,1.0,18,88.53812012406658,4984,4437,0.36363636363636365,0.15950763962824138,40,40
"1.0, 1.0, 0.0, 0.0, 0.0, 0.0, 0.0","A_0, A_1, R_2, R_3, R_4, R_6, R_7",1.0,0.0,0.0,1,104.4,4437,4437,0.6363636363636364,0.0009464820767463554,0,5
"0.0, 0.0, 1.0, 1.0, 0.0, 0.0, 1.0","A_0, A_1, A_2, R_1, R_2, R_3, R_5",0.0,0.0,0.0,1,73.25,4438,4438,0.6363636363636364,0.0006640786601692579,0,4
"1.0, 0.0, 0.0, 1.0, 0.0","A_0, A_1, R_2, R_5, R_6",1.0,0.2567458542283846,0.7619047619047619,1,74.85712282807698,4995,4448,0.45454545454545453,0.000678648707601296,16,21
"1.0, 0.0, 0.0, 0.0","A_0, R_4, R_5, R_6",0.0,0.534824985896467,0.8823529411764706,1,79.5403403955286,4993,4453,0.36363636363636365,0.0007211063846999227,30,34
"0.0, 1.0, 1.0, 0.0","A_2, R_2, R_6, R_7",1.0,0.24710935412080362,0.7560975609756098,1,67.9569700617893,4971,4454,0.36363636363636365,0.0006160924727344084,31,41
"1.0, 0.0, 0.0, 0.0","A_2, R_3, R_4, R_7",0.0,0.16446348194331412,0.696969696969697,2,80.18729945557783,4972,4460,0.36363636363636365,0.0014539433279194866,23,33
"0.0, 1.0, 0.0, 1.0","A_0, A_1, R_2, R_6",0.0,0.2373046875,0.75,1,60.973200036099705,4979,4466,0.36363636363636365,0.0005527781704601398,21,28
"0.0, 1.0, 0.0","A_2, R_6, R_7",1.0,0.095367431640625,0.625,1,66.53568558405514,4985,4481,0.2727272727272727,0.0006112207818766161,45,72
"1.0, 0.0, 1.0, 1.0","A_1, A_2, R_2, R_6",1.0,1.0,1.0,8,73.72487401857066,4989,4481,0.36363636363636365,0.00534707064129963,45,45
"1.0, 1.0, 0.0, 0.0, 0.0","A_0, R_3, R_4, R_6, R_7",0.0,0.3666478320532007,0.8181818181818182,1,76.6047488,4820,4483,0.45454545454545453,0.0006944925453338781,9,11
"1.0, 1.0, 1.0, 1.0","A_0, R_1, R_4, R_5",1.0,0.2373046875,0.75,1,80.87523342196683,4995,4495,0.36363636363636365,0.00073320841845373,27,36
"1.0, 1.0, 1.0, 1.0","A_0, A_1, R_2, R_7",1.0,0.2957885573215846,0.7837837837837838,1,72.06484141679663,4989,4500,0.36363636363636365,0.0006533341069402915,29,37
"0.0, 1.0, 0.0, 1.0","A_1, A_2, R_5, R_6",0.0,0.2535525376,0.76,1,61.83762080905035,4956,4506,0.36363636363636365,0.0005606149402720653,19,25
"0.0, 1.0, 1.0, 1.0","A_0, A_2, R_0, R_1",1.0,0.26150027784488145,0.7647058823529411,1,61.58239096911231,4969,4510,0.36363636363636365,0.0005583010468912971,26,34
"0.0, 0.0, 1.0","A_1, R_0, R_7",0.0,0.11738770181124791,0.6515151515151515,2,80.75653585294245,4996,4515,0.2727272727272727,0.015301050688158051,43,66
"1.0, 0.0, 1.0, 1.0, 0.0","A_1, A_2, R_1, R_6, R_7",0.0,0.005252187499999998,0.35,1,64.25332549447845,4979,4516,0.45454545454545453,0.06802390660426931,7,20
"0.0, 0.0, 1.0, 0.0","A_0, A_1, R_0, R_5",1.0,0.25126003423796484,0.7586206896551724,1,60.94263175740424,4997,4517,0.36363636363636365,0.0005525010408825321,22,29
"0.0, 0.0, 1.0","A_2, R_6, R_7",0.0,0.09699482462268358,0.6271186440677966,1,70.57882741697702,4998,4520,0.2727272727272727,0.0006398620224898756,37,59
"1.0, 0.0, 0.0, 0.0","A_0, A_1, R_1, R_5",0.0,0.10979242280002384,0.6428571428571429,1,66.46850941842249,4993,4523,0.36363636363636365,0.0006025982072086513,18,28
"0.0, 0.0, 0.0, 1.0","A_0, A_1, R_1, R_2",0.0,0.22301350200402018,0.7407407407407407,1,77.78527633861145,4955,4530,0.36363636363636365,0.0007051951138817826,20,27
"1.0, 0.0, 1.0, 1.0, 1.0, 1.0","A_1, A_2, R_2, R_3, R_5, R_6",1.0,1.0,1.0,3,81.5971584,4794,4537,0.5454545454545454,0.0022192599982480835,11,11
"1.0, 0.0, 0.0","A_0, A_2, R_0",1.0,0.06682654706013108,0.582089552238806,1,72.5199953673466,4971,4540,0.2727272727272727,0.0006790373761244996,39,67
"1.0, 0.0, 1.0, 1.0","A_1, A_2, R_1, R_6",1.0,0.2149341667858102,0.7352941176470589,1,69.23166190053682,4989,4542,0.36363636363636365,0.0006276487273201304,25,34
"1.0, 1.0, 0.0, 1.0","A_1, A_2, R_5, R_7",1.0,0.17831521367830508,0.7083333333333334,1,66.4739594680794,4908,4545,0.36363636363636365,0.0006026476169243376,17,24
"0.0, 0.0, 1.0, 0.0, 0.0","A_0, A_1, R_1, R_2, R_5",1.0,0.2373046875,0.75,1,61.914756698111994,4997,4546,0.45454545454545453,0.0005613142480926662,12,16
"1.0, 1.0, 0.0, 0.0","A_0, A_1, R_0, R_6",0.0,0.3411077401491926,0.8064516129032258,1,80.74771072824748,4998,4573,0.36363636363636365,0.0007320523078791727,25,31
"0.0, 0.0, 1.0, 1.0, 0.0","A_0, A_1, A_2, R_1, R_6",1.0,1.0,1.0,2,54.842817908735995,4945,4582,0.45454545454545453,0.0009944012296720815,16,16
"1.0, 0.0, 1.0, 1.0, 0.0","A_0, A_1, A_2, R_5, R_7",0.0,0.0,0.0,1,56.905910808575996,4591,4591,0.45454545454545453,0.0005159044505866272,0,16
"0.0, 0.0, 1.0, 0.0","A_0, A_1, R_0, R_4",1.0,0.49717673529828965,0.8695652173913043,1,62.48203386185722,4997,4592,0.36363636363636365,0.0005664571376332061,20,23
"1.0, 1.0, 1.0","A_1, R_6, R_7",1.0,0.3757907202492844,0.8222222222222222,1,76.17515167007541,4989,4603,0.2727272727272727,0.0006905978520034634,37,45
"0.0, 1.0, 1.0, 0.0, 0.0","A_0, A_2, R_0, R_2, R_4",1.0,0.2373046875,0.75,1,67.0176,4857,4622,0.45454545454545453,0.0006075762186451777,6,8
"1.0, 0.0, 0.0, 0.0","A_1, R_0, R_2, R_6",0.0,0.3591654751124945,0.8148148148148148,2,79.99907981264475,4998,4627,0.36363636363636365,0.001450530559365315,22,27
"0.0, 0.0, 0.0","A_0, A_2, R_2",0.0,0.2084017036410597,0.7307692307692307,1,72.42636427871483,4996,4631,0.2727272727272727,0.0006566116443841577,38,52
"1.0, 1.0, 0.0, 1.0","A_0, A_2, R_0, R_7",1.0,0.1043582467665522,0.6363636363636364,2,68.94409972513321,4967,4643,0.36363636363636365,0.014693880501201026,14,22
"0.0, 1.0, 1.0","A_2, R_2, R_6",1.0,0.27214629954271363,0.7708333333333334,2,71.20470354042722,4989,4648,0.2727272727272727,0.0012910723310546382,37,48
"1.0, 1.0, 0.0","A_0, R_4, R_5",1.0,0.03443625058039591,0.5098039215686274,1,73.59081722917664,4989,4650,0.2727272727272727,0.01188266758665596,26,51
"1.0, 1.0, 1.0, 0.0, 0.0","A_0, A_1, R_3, R_6, R_7",1.0,0.0,0.0,1,74.948992,4652,4652,0.45454545454545453,0.0006794815861897124,0,10
"1.0, 1.0, 1.0","A_0, R_5, R_6",1.0,0.5241073981293608,0.8787878787878788,1,66.06309225281906,4986,4654,0.2727272727272727,0.0006058651650470566,29,33
"1.0, 0.0, 0.0, 0.0, 0.0","A_1, R_0, R_2, R_6, R_7",0.0,0.6472278485082303,0.9166666666666666,1,90.98882816,4863,4660,0.45454545454545453,0.0008248974620459201,11,12
"0.0, 1.0, 0.0, 0.0","A_0, A_1, A_2, R_2",0.0,1.0,1.0,3,64.98434230730753,4979,4677,0.36363636363636365,0.0017674285995119676,22,22
"0.0, 0.0, 0.0, 0.0","A_0, A_1, A_2, R_4",0.0,0.06092699470458736,0.5714285714285714,1,83.00170683750679,4996,4678,0.36363636363636365,0.007575014147662247,12,21
"0.0, 0.0, 0.0","A_2, R_0, R_4",0.0,0.21720617794361205,0.7368421052631579,1,85.80173274187737,4996,4678,0.2727272727272727,0.0007778716685245963,28,38
"0.0, 0.0, 0.0, 1.0, 1.0","A_0, A_1, R_1, R_4, R_5",0.0,0.07775999999999998,0.6,1,60.305728,4898,4680,0.45454545454545453,0.0005467269221948356,6,10
"1.0, 1.0, 0.0, 0.0, 0.0","A_0, A_2, R_0, R_1, R_3",0.0,0.08825375108068294,0.6153846153846154,1,80.82635622400001,4928,4685,0.45454545454545453,0.0007327653016736804,8,13
"1.0, 0.0, 1.0, 1.0","A_0, A_1, A_2, R_6",0.0,0.014458261438686257,0.42857142857142855,1,60.96745052160001,4956,4689,0.36363636363636365,0.0005527260458200636,6,14
"1.0, 0.0, 1.0, 0.0","A_0, A_1, R_0, R_5",0.0,0.08825375108068294,0.6153846153846154,1,54.752480256,4993,4689,0.36363636363636365,0.0004963816208784741,8,13
"1.0, 0.0","A_2, R_5",0.0,0.1404633727505595,0.6753246753246753,1,69.61123990021107,4993,4690,0.18181818181818182,0.0006310899512034534,52,77
"1.0, 0.0, 0.0, 1.0, 1.0, 1.0","A_0, A_2, R_2, R_3, R_5, R_6",1.0,1.0,1.0,1,71.33333333333333,4695,4695,0.5454545454545454,0.0006844769807887915,3,3
"1.0, 0.0, 1.0","A_1, A_2, R_2",1.0,0.22621766644850363,0.7428571428571429,2,69.48187278813623,4989,4700,0.2727272727272727,0.0012598342385582615,26,35
"0.0, 0.0, 1.0, 1.0, 1.0, 1.0","A_2, R_0, R_2, R_3, R_5, R_6",1.0,0.0009765625,0.25,1,74.25,4794,4702,0.5454545454545454,0.0006731445804446062,1,4
"0.0, 0.0, 1.0, 1.0","A_0, A_1, R_0, R_2",1.0,0.21720617794361205,0.7368421052631579,1,62.09482977614234,4969,4710,0.36363636363636365,0.0005629467762618259,14,19
"1.0, 1.0, 0.0","A_2, R_4, R_5",0.0,0.17525145137855438,0.7058823529411765,1,67.9034231274229,4991,4715,0.2727272727272727,0.0006156070204964533,24,34
"0.0, 1.0, 0.0, 0.0","A_0, A_2, R_1, R_5",0.0,0.7385081737104511,0.9411764705882353,2,77.0662128001024,4935,4715,0.36363636363636365,0.0013973522823374997,16,17
"0.0, 0.0, 1.0, 1.0","A_0, A_1, A_2, R_1",1.0,1.0,1.0,1,55.7099686518784,4969,4720,0.36363636363636365,0.0005050621343400788,17,17
"0.0, 0.0, 1.0, 1.0","R_2, R_5, R_6, R_7",0.0,0.008894625649883995,0.3888888888888889,1,60.85896483340288,4946,4721,0.36363636363636365,0.0005517425232198521,7,18
"0.0, 1.0, 1.0, 1.0, 1.0","A_0, A_1, A_2, R_4, R_6",0.0,0.0024299999999999994,0.3,1,57.902912,4742,4721,0.45454545454545453,0.0005249431839025044,3,10
"1.0, 1.0, 0.0, 1.0, 1.0, 0.0, 0.0","A_1, A_2, R_0, R_3, R_4, R_5, R_7",0.0,1.0,1.0,1,49.0,4725,4725,0.6363636363636364,0.00044423009349206337,1,1
"1.0, 0.0, 1.0, 1.0","A_1, A_2, R_6, R_7",1.0,0.28462802079628785,0.7777777777777778,1,74.8592864935936,4989,4733,0.36363636363636365,0.0006786683232203722,14,18
"0.0, 0.0, 0.0, 1.0","A_0, A_1, A_2, R_0",0.0,0.0,0.0,1,63.4146251776,4743,4743,0.36363636363636365,0.0005749119361512123,0,14
"0.0, 1.0","A_0, R_0",1.0,0.16806999999999994,0.7,1,62.36287568113703,4997,4743,0.18181818181818182,0.0005653768590666413,42,60
"0.0, 1.0, 1.0","A_0, A_1, R_3",1.0,0.36131873917399904,0.8157894736842105,1,57.45165614416463,4976,4744,0.2727272727272727,0.000520852134289717,31,38
"0.0, 0.0, 1.0, 1.0, 1.0, 0.0","A_0, R_1, R_2, R_3, R_4, R_7",1.0,0.03125,0.5,1,65.5,4744,4744,0.5454545454545454,0.0005938177780353092,1,2
"1.0, 1.0, 1.0, 1.0","A_2, R_0, R_3, R_7",1.0,0.512908935546875,0.875,1,70.32541489561599,4959,4752,0.36363636363636365,0.0006375646047744415,14,16
"0.0, 1.0, 1.0, 0.0","A_0, A_1, R_3, R_5",1.0,0.3787874412704941,0.8235294117647058,1,63.119650627584,4960,4752,0.36363636363636365,0.0005722377203975105,14,17
"0.0, 0.0, 0.0, 0.0, 0.0","A_1, R_0, R_1, R_2, R_5",0.0,0.6472278485082303,0.9166666666666666,1,92.22510847999999,4996,4753,0.45454545454545453,0.000836105480865022,11,12
"0.0, 0.0, 0.0, 0.0, 0.0","A_0, R_0, R_1, R_3, R_6",0.0,0.46266436603796024,0.8571428571428571,1,85.64,4962,4754,0.45454545454545453,0.0007764054123808226,6,7
"0.0, 1.0, 0.0, 1.0, 0.0","A_0, A_1, R_2, R_6, R_7",0.0,0.13168724279835387,0.6666666666666666,1,58.099008000000005,4979,4757,0.45454545454545453,0.0005267209746048191,8,12
"1.0, 1.0, 1.0, 1.0","A_0, R_2, R_4, R_5",1.0,0.13168724279835387,0.6666666666666666,1,71.56950022144,4939,4759,0.36363636363636365,0.0006488433831540926,10,15
"0.0, 1.0, 0.0, 1.0","A_1, A_2, R_3, R_5",1.0,0.19649623617673456,0.7222222222222222,1,76.49700308123649,4995,4769,0.36363636363636365,0.000693515731237558,13,18
"0.0, 0.0, 0.0, 1.0","A_0, A_2, R_2, R_6",0.0,0.17525145137855438,0.7058823529411765,1,65.4947935567872,4979,4770,0.36363636363636365,0.0005937705768362238,12,17
"1.0, 0.0, 0.0","A_1, R_4, R_6",0.0,0.05507317760000002,0.56,1,70.83107018206914,4972,4773,0.2727272727272727,0.007151379910655543,14,25
"1.0, 0.0, 0.0, 0.0","A_0, A_1, R_3, R_5",0.0,0.512908935546875,0.875,1,68.820366024704,4993,4775,0.36363636363636365,0.0006239199517002505,14,16
"1.0, 0.0, 1.0, 0.0","A_0, A_1, A_2, R_4",0.0,0.01183710753970294,0.4117647058823529,1,63.901356901990404,4993,4775,0.36363636363636365,0.0005793246071600184,7,17
"1.0, 1.0, 1.0, 1.0, 1.0","A_2, R_0, R_1, R_3, R_7",1.0,1.0,1.0,1,72.0,4857,4795,0.45454545454545453,0.0006527462598250726,3,3
"1.0, 0.0, 0.0, 1.0","A_1, A_2, R_2, R_5",0.0,0.5549289573066435,0.8888888888888888,1,78.73632,4979,4800,0.36363636363636365,0.0007494832555311484,8,9
"0.0, 0.0, 0.0","A_0, R_1, R_4",0.0,0.07042962777237427,0.5882352941176471,1,85.9651235028992,4996,4802,0.2727272727272727,0.0007793529561377487,10,17
"1.0, 1.0, 0.0, 1.0","A_0, A_1, R_1, R_7",1.0,1.0,1.0,1,69.45865216,4959,4804,0.36363636363636365,0.0006297066029157042,13,13
"0.0, 0.0","R_2, R_6",0.0,0.043151275720164604,0.5333333333333333,1,79.13839816317676,4998,4817,0.18181818181818182,0.010197642843612208,24,45
"0.0, 1.0, 0.0, 0.0, 0.0, 0.0","A_0, A_1, R_0, R_1, R_3, R_4",0.0,0.0,0.0,1,54.5,4817,4817,0.5454545454545454,0.0004940926550064786,0,2
"1.0, 1.0, 0.0, 1.0","A_0, A_1, R_4, R_7",1.0,0.2373046875,0.75,1,68.11519999999999,4959,4827,0.36363636363636365,0.0006175269727393997,6,8
"1.0, 0.0, 0.0, 1.0","A_0, A_2, R_3, R_4",1.0,0.06092699470458736,0.5714285714285714,1,79.99585095680001,4989,4831,0.36363636363636365,0.0007252360071329885,8,14
"0.0, 1.0, 0.0, 1.0","A_2, R_0, R_1, R_4",1.0,0.13168724279835387,0.6666666666666666,1,68.33011456,4983,4831,0.36363636363636365,0.0006194753710063714,8,12
"0.0, 0.0","R_0, R_1",0.0,0.12324861859319845,0.6578947368421053,1,76.60927515326445,4996,4833,0.18181818181818182,0.0007253787317779049,25,38
"1.0, 0.0, 0.0","A_1, A_2, R_7",0.0,0.03125,0.5,1,72.03592098614948,4984,4838,0.2727272727272727,0.010476066321625758,11,22
"1.0, 0.0, 0.0, 0.0, 1.0, 0.0","A_0, A_1, R_3, R_4, R_5, R_6",1.0,0.0,0.0,1,72.0,4842,4842,0.5454545454545454,0.0006527462598250726,0,2
"0.0, 0.0, 1.0, 0.0, 1.0","A_0, A_2, R_0, R_1, R_4",1.0,0.13168724279835387,0.6666666666666666,1,59.333333333333336,4983,4850,0.45454545454545453,0.0005379112696706617,2,3
"1.0, 1.0, 1.0, 1.0","A_2, R_0, R_3, R_7",0.0,0.00012860082304526745,0.16666666666666666,1,70.1278464,4935,4857,0.36363636363636365,0.0006357734645442664,2,12
"1.0, 1.0, 1.0, 1.0, 1.0","A_0, A_2, R_1, R_5, R_6",0.0,0.004115226337448558,0.3333333333333333,1,67.66666666666667,4891,4861,0.45454545454545453,0.0006134606052985637,1,3
"0.0, 1.0, 1.0, 1.0","A_1, A_2, R_5, R_7",1.0,0.46266436603796024,0.8571428571428571,1,77.21600000000001,4995,4861,0.36363636363636365,0.0007000340999812891,6,7
"0.0, 1.0, 0.0","A_0, A_2, R_5",0.0,0.02094302882090425,0.46153846153846156,1,62.653277184000004,4935,4871,0.2727272727272727,0.0005680096159394384,6,13
"1.0, 0.0, 1.0","A_0, R_3, R_4",0.0,0.0852316508323596,0.6111111111111112,1,86.65321768484864,4984,4873,0.2727272727272727,0.0007855911631332332,11,18
"0.0, 0.0, 1.0, 1.0","A_1, A_2, R_4, R_5",1.0,0.3276800000000001,0.8,1,64.2,4939,4873,0.36363636363636365,0.0005820320816773565,4,5
"0.0, 0.0, 0.0, 0.0","A_0, A_2, R_0, R_5",0.0,0.512908935546875,0.875,1,77.75519999999999,4996,4874,0.36363636363636365,0.0007049224441937567,7,8
"1.0, 1.0, 1.0, 1.0","A_1, A_2, R_3, R_7",0.0,0.0,0.0,1,71.740032,4875,4875,0.36363636363636365,0.000650389410662931,0,11
"1.0, 1.0, 0.0, 0.0, 1.0","A_0, A_1, R_1, R_6, R_7",1.0,1.0,1.0,2,68.4,4959,4875,0.45454545454545453,0.0012402178936676382,5,5
"1.0, 1.0, 1.0","A_0, A_2, R_1",0.0,0.06754356352880661,0.5833333333333334,1,76.49997823999999,4972,4891,0.2727272727272727,0.0006935427037897144,7,12
"1.0, 1.0, 1.0, 1.0, 1.0","A_0, A_1, A_2, R_5, R_6",0.0,0.0,0.0,1,88.0,4891,4891,0.45454545454545453,0.0007978009842306443,0,1
"1.0, 0.0, 1.0, 1.0, 1.0","A_0, R_0, R_5, R_6, R_7",1.0,1.0,1.0,1,99.0,4893,4893,0.45454545454545453,0.0008975261072594749,1,1
"0.0, 0.0, 1.0, 0.0, 1.0","A_0, A_2, R_0, R_3, R_7",1.0,0.03125,0.5,1,65.25,4923,4899,0.45454545454545453,0.0005915512979664721,2,4
"0.0, 0.0, 1.0, 1.0, 1.0","A_0, A_1, R_0, R_2, R_5",1.0,1.0,1.0,1,65.5,4899,4899,0.45454545454545453,0.0005938177780353092,2,2
"1.0, 0.0, 0.0","A_1, A_2, R_0",0.0,0.043151275720164604,0.5333333333333333,1,69.5406758912,4998,4900,0.2727272727272727,0.0006452745350675779,8,15
"0.0, 0.0, 0.0, 0.0, 0.0","A_0, A_2, R_2, R_5, R_6",0.0,0.03125,0.5,1,73.0,4996,4900,0.45454545454545453,0.0006618121801004209,2,4
"1.0, 1.0, 0.0","A_0, A_1, A_2",1.0,0.023847592523562257,0.47368421052631576,1,72.40512481574912,4989,4904,0.2727272727272727,0.0006777356170460394,9,19
"0.0, 0.0, 0.0","A_2, R_0, R_6",0.0,0.3276800000000001,0.8,1,80.18419200000001,4998,4906,0.2727272727272727,0.0007269434920152155,8,10
"1.0, 1.0, 1.0","A_2, R_0, R_7",1.0,0.18593443208187066,0.7142857142857143,1,73.7059454976,4995,4907,0.2727272727272727,0.0006682122257004035,10,14
"0.0, 1.0, 0.0, 0.0","A_1, A_2, R_1, R_7",0.0,1.0,1.0,1,78.5,4991,4916,0.36363636363636365,0.0007116747416148362,4,4
"1.0, 0.0, 0.0, 1.0","A_1, A_2, R_0, R_2",1.0,0.13168724279835387,0.6666666666666666,2,65.68,4971,4922,0.36363636363636365,0.001190899287369744,4,6
"0.0, 1.0, 1.0","A_1, R_0, R_4",1.0,0.28462802079628785,0.7777777777777778,1,68.35456,4995,4927,0.2727272727272727,0.0006196969914165073,7,9
"0.0, 1.0, 0.0, 0.0","A_1, A_2, R_1, R_3",0.0,1.0,1.0,1,82.66666666666667,4993,4928,0.36363636363636365,0.0007494494094287872,3,3
"0.0, 0.0, 1.0, 0.0","A_1, A_2, R_5, R_6",1.0,1.0,1.0,1,62.0,4939,4939,0.36363636363636365,0.0005620870570715904,1,1
"1.0, 0.0, 1.0, 0.0, 1.0","A_0, A_2, R_0, R_3, R_4",1.0,0.03125,0.5,1,92.5,4989,4939,0.45454545454545453,0.0008385976254697115,1,2
"1.0, 0.0, 1.0, 1.0","A_1, R_3, R_4, R_7",0.0,0.13168724279835387,0.6666666666666666,1,74.66666666666667,4951,4951,0.36363636363636365,0.0006769220472260014,2,3
"0.0, 1.0, 0.0, 0.0, 1.0, 0.0","A_0, A_1, R_0, R_3, R_4, R_6",0.0,1.0,1.0,1,53.0,4962,4951,0.5454545454545454,0.0004804937745934563,1,1
"0.0, 0.0, 0.0, 0.0","A_0, A_1, R_1, R_3",0.0,1.0,1.0,1,84.0,4955,4955,0.36363636363636365,0.0007615373031292515,1,1
"1.0, 1.0, 0.0, 0.0","A_0, A_2, R_3, R_5",0.0,1.0,1.0,1,88.33333333333333,4993,4956,0.36363636363636365,0.0008008229576557604,3,3
"1.0, 1.0, 1.0, 1.0, 1.0, 1.0","A_1, A_2, R_0, R_2, R_3, R_7",0.0,0.0,0.0,1,77.0,4959,4959,0.5454545454545454,0.0006980758612018138,0,1
"1.0, 0.0, 1.0, 1.0, 1.0, 0.0","A_1, A_2, R_2, R_3, R_4, R_6",1.0,0.1,1.0,1,66.66666666666667,4960,4960,0.5454545454545454,0.0006043946850232155,0,0
"1.0, 0.0, 1.0, 1.0, 0.0","A_0, A_2, R_2, R_4, R_5",1.0,0.004115226337448558,0.3333333333333333,1,72.33333333333333,4989,4964,0.45454545454545453,0.0006557682332501887,1,3
"0.0, 0.0, 0.0, 0.0","A_0, A_2, R_0, R_2",1.0,0.0,0.0,1,113.0,4979,4979,0.36363636363636365,0.0010244489911143502,0,1
"1.0, 0.0, 0.0","A_0, A_2, R_6",0.0,1.0,1.0,1,70.0,4998,4984,0.2727272727272727,0.0006346144192743762,2,2
"1.0, 0.0, 0.0, 0.0","A_1, R_5, R_6, R_7",0.0,1.0,1.0,1,85.5,4984,4984,0.36363636363636365,0.0007751361835422738,2,2
"1.0, 0.0, 1.0","A_0, A_2, R_6",1.0,1.0,1.0,1,76.5,4989,4985,0.2727272727272727,0.0008159328247813409,2,2
"1.0, 0.0","A_0, A_2",0.0,0.0,0.0,1,63.0,4998,4998,0.18181818181818182,0.0006346144192743762,0,1
